ADDRESS,CITY,ZIP OR POSTAL CODE,PRICE,BEDS,BATHS,SQUARE FEET,LOT SIZE,YEAR BUILT,DAYS ON MARKET,$/SQUARE FEET,HOA/MONTH
10556 mountair Ave,Tujunga,91042,449000,0,0,6800,6800,0,2,66,0
14093 Bayside Dr,Norwalk,90650,299000,0,1,477,143136,1976,55,627,365
141 S Clark Dr #315,West Hollywood,90048,498000,0,1,480,40236,1973,14,1038,383
20327 Saticoy St #211,Winnetka,91306,260000,0,1,440,0,1978,3,591,184
2110 Barry Ave,Los Angeles,90025,1949000,0,0,0,6194,0,95,0,0
2843-2845 Rosanna,Los Angeles,90039,1599000,0,0,2089,7037,1929,49,765,0
29 Marion Ave,Pasadena,91106,2495000,0,0,5290,7999,1912,96,472,0
3734 S Canfield Ave #106,Los Angeles,90034,399000,0,1,454,0,1972,24,879,424
4914-4912 Mendota Ave,Los Angeles,90042,1550000,0,0,1794,4802,1924,19,864,0
618-624.5 E Chevy Chase Dr,Glendale,91205,3775000,0,0,7580,21218,1951,249,498,0
100 S Alameda St #141,Los Angeles,90012,548000,1,1,874,138016,2005,3,627,579
100 S Doheny Dr #222,Los Angeles,90048,535000,1,2,719,90087,1971,116,744,691
10521 National Blvd #103,Los Angeles,90034,449000,1,1,548,27070,1976,71,819,230
1115 S Elm Dr #417,Los Angeles,90035,479000,1,2,768,39953,1972,11,624,460
1116 E Palmer Ave #13,Glendale,91205,449900,1,1,610,42132,1987,6,738,220
11448 216th St,Lakewood,90715,1042500,1,0,792,10624,1937,10,1316,0
125 N Allen Ave #221,Pasadena,91106,490000,1,1.5,837,51203,1973,3,585,390
125 S Sierra Madre Blvd #112,Pasadena,91107,475000,1,1.5,887,31898,1972,4,536,350
13525 S Vermont Ave #37,Gardena,90247,89950,1,1,0,0,2021,39,0,0
136 S Clark Dr #1,West Hollywood,90048,689000,1,2,790,5854,1982,1,872,420
14919 S Normandie Ave #5,Gardena,90247,339000,1,1,650,41163,1961,14,522,188
1524 W 220th St,Torrance,90501,695000,1,1,528,7202,1924,19,1316,0
1600 Manning Ave #1,Los Angeles,90024,545000,1,1,595,9282,1950,10,916,150
16949 S Western Ave #79,Gardena,90247,95000,1,1,380,0,2021,138,250,0
16949 S Western Ave #97,Gardena,90247,80000,1,1,528,0,2001,23,152,0
17100 S Gramercy Pl #20,Gardena,90247,170000,1,1,0,0,0,67,0,380
17215 S Dalton Ave,Gardena,90247,700000,1,1,680,6234,1929,28,1029,0
1735 N Fuller Ave #327,Los Angeles,90046,449000,1,1,772,86424,1974,1,582,435
178 S Euclid Ave #105,Pasadena,91101,800000,1,1,806,22617,2022,11,993,462
178 S Euclid Ave #306,Pasadena,91101,841000,1,1,823,22617,2022,17,1022,462
1845 Corinth Ave #105,Los Angeles,90025,595000,1,1,709,14495,1973,41,839,420
18530 Hatteras St #107,Tarzana,91356,269000,1,1,647,84776,1978,2,416,659
2025 Avenue Of The Stars #205,Los Angeles,90067,2160000,1,1.5,1000,0,1965,95,2160,2386
20315 Denker,Torrance,90501,115000,1,2,528,0,1984,40,218,0
2033 Euclid St #12,Santa Monica,90405,499000,1,1,576,42905,1953,3,866,248
210 N Monterey St #101,Alhambra,91801,468000,1,2,932,34538,2015,8,502,310
210 N Monterey St #308,Alhambra,91801,468000,1,2,932,34538,2015,12,502,310
210 N Monterey St #505,Alhambra,91801,488888,1,2,870,34538,2015,71,562,310
211 E California Ave Unit A-4,Glendale,91206,359000,1,1,617,25790,1959,350,582,270
211 Elm Ct Unit 6C,Los Angeles,90067,1750000,1,1,962,0,0,55,1819,1679
2170 Century Park East #1003,Los Angeles,90067,599000,1,1,815,223035,1966,28,735,880
2170 Century Park East #1605,Los Angeles,90067,1050000,1,2,1018,223035,1966,12,1031,1109
21926 S Vermont Ave #15,Torrance,90502,68500,1,1,0,0,1964,62,0,0
21926 S Vermont Ave #35,Torrance,90502,80000,1,1,0,0,1973,74,0,0
21926 S Vermont Ave #53,Torrance,90502,85000,1,1,0,0,1964,73,0,0
2220 Avenue Of The Stars #304,Los Angeles,90067,1249000,1,2.5,1624,177810,1964,24,769,2434
2345 190th #78,Redondo Beach,90278,82500,1,1,400,0,1960,62,206,0
2501 Lake View Ave,Los Angeles,90039,780000,1,1,512,3326,1949,1,1523,0
288 S Oakland Ave #209,Pasadena,91101,920000,1,1.5,1160,20663,2016,77,793,343
315 N Louise St #206,Glendale,91206,374900,1,1,594,19086,1961,13,631,266
3162 Ivy St,Los Angeles,90034,1750000,1,2,1672,5398,1923,84,1047,0
3325 Bagley Ave #203,Los Angeles,90034,575000,1,1,960,15660,1978,10,599,440
3423 Cazador St,Los Angeles,90065,700000,1,1,536,6491,1937,90,1306,0
388 Cordova St #504,Pasadena,91101,918000,1,2,1014,18679,2019,3,905,618
401 W Carson St #4,Carson,90745,275000,1,1,770,1920,1979,1,357,220
4633 Marine Ave #142,Lawndale,90260,375000,1,1,637,79734,1973,9,589,266
482 S Arroyo Pkwy #408,Pasadena,91105,798000,1,1,920,0,2015,5,867,579
4861 Lincoln Ave #26,Cypress,90630,70000,1,1,468,0,2003,46,150,0
530 Molino St #211,Los Angeles,90013,2100000,1,1,3525,0,1923,3,596,1014
552 Carson #302,Carson,90745,499000,1,1,700,28172,2015,26,713,422
5648-1/2 Clemson St,Los Angeles,90016,369000,1,1,651,30690,1948,106,567,278
647 Wilcox Ave Unit 2E,Los Angeles,90004,795000,1,1.5,1217,118803,1972,3,653,1019
7260 Hillside Ave #105,Los Angeles,90046,599000,1,2,938,32021,1965,1,639,366
728 N Sweetzer Ave #112,Los Angeles,90069,1075000,1,1,862,0,2021,38,1247,776
728 N Sweetzer Ave #117,Los Angeles,90069,1495000,1,1.5,1512,0,2021,38,989,838
8050 Dorothy St,Rosemead,91770,497500,1,1,738,4171,1941,31,674,0
85 N Madison Ave #27,Pasadena,91101,449000,1,1,510,0,1922,4,880,626
877 Francisco St #1903,Los Angeles,90017,679000,1,1,695,169975,2017,3,977,599
931 E Walnut St #606,Pasadena,91106,599000,1,1,890,49548,2007,5,673,422
10030 France Ave,Tujunga,91042,699888,2,1,852,4324,1941,1,821,0
10104 Rose St,Bellflower,90706,719900,2,1,940,5977,1952,33,766,0
10112 Empyrean Way #204,Los Angeles,90067,2849000,2,3,2240,464441,1979,36,1272,1929
10112 Empyrean Way #304,Los Angeles,90067,3349000,2,3.5,2240,464441,1979,36,1495,3195
10114 Empyrean Way #201,Los Angeles,90067,2795000,2,2.5,2273,464441,1979,6,1230,2206
10126 Empyrean Way #303,Los Angeles,90067,3850000,2,2.5,2777,464293,1979,24,1386,2668
10149 Commerce Ave #26,Tujunga,91042,430000,2,2,756,30853,1984,4,569,258
10240 Camarillo St #214,Toluca Lake,91602,649000,2,2,1057,47461,1965,3,614,475
10267-1/2 Tujunga Canyon Blvd,Tujunga,91042,499000,2,1,818,6790,1936,3,610,0
1032 S Mesa St,San Pedro,90731,545000,2,1,624,1448,1918,1,873,0
10347 Larwin Ave #1,Chatsworth,91311,540000,2,2,1066,137826,1969,2,507,665
10520 Hickory St,Los Angeles,90002,489000,2,1,874,3249,1983,3,559,0
10525 Somerset #50,Bellflower,90706,190000,2,2,1400,0,1972,14,136,0
10529 Mcclemont Ave,Tujunga,91042,699000,2,1,1119,6082,1941,2,625,0
10580 Wilshire Blvd Unit 3S,Los Angeles,90024,2700000,2,3,2554,46076,1991,87,1057,3888
10580 Wilshire Blvd Unit 5SW,Los Angeles,90024,1995000,2,2.5,2260,46076,1991,82,883,4150
1059 S Shenandoah St #301,Los Angeles,90035,899000,2,2,1491,12183,1989,5,603,395
1060 Concha St,Altadena,91001,852000,2,1,1090,7532,1948,12,782,0
10740 Lawler St #3,Los Angeles,90034,699000,2,2,820,9755,1986,76,852,409
10800 Wilshire Blvd #1001,Los Angeles,90024,2750000,2,2.5,2640,46282,2005,1,1042,3700
10800 Wilshire Blvd #1303,Los Angeles,90024,3975000,2,3.5,3280,46282,2005,3,1212,3911
1097 Blanche St #110,Pasadena,91106,795000,2,2,1023,38497,1988,3,777,545
1100 SINALOA Ave,Pasadena,91104,759000,2,1,640,2998,1920,32,1186,0
1101 Rexford Dr #302,Los Angeles,90035,925000,2,2,1486,11586,1979,4,622,562
11021 Oro Vista Ave,Sunland,91040,749999,2,1,936,5995,1954,3,801,0
11106 Arminta St #4,Sun Valley,91352,445000,2,1.5,1008,40498,1985,3,441,250
1133 N Clark St #303,West Hollywood,90069,1995000,2,2,1750,8627,1981,4,1140,425
11442 216th St,Lakewood,90715,1042500,2,0,834,6002,1950,10,1250,0
116 S Chapel Ave Unit M,Alhambra,91801,625000,2,2.5,1313,35697,1980,10,476,350
11601 Idaho Ave #11601,Los Angeles,90025,899000,2,2.5,920,6472,1989,11,977,450
11733 166th St,Norwalk,90650,169900,2,1,730,1400,1984,18,233,0
1174 E 41st Pl,Los Angeles,90011,590000,2,1,1040,6249,1909,3,567,0
11939 Gorham Ave #201,Los Angeles,90049,1330000,2,2.5,1995,27754,1981,3,667,650
120 N Doheny Dr #201,West Hollywood,90048,1350000,2,2,1736,16658,1980,48,778,500
120 S Sierra Madre Blvd #202,Pasadena,91107,675000,2,2,1276,0,1970,5,529,360
12018 Lowemont St,Norwalk,90650,550000,2,1,741,2607,1954,3,742,0
12021 Washington Pl,Los Angeles,90066,2050000,2,5,2524,2503,1988,83,812,0
12045 Foster Rd #5,Norwalk,90650,525000,2,1.5,1142,189051,1981,7,460,325
1207 S New Hampshire Ave,Los Angeles,90006,875000,2,2,1403,5376,1900,1,624,0
12118 Barnwall St,Norwalk,90650,499000,2,1,941,2605,1954,21,530,0
12550 E Carson #118,Hawaiian Gardens,90716,155000,2,2,0,0,1980,1,0,0
12550 E Carson #171,Hawaiian Gardens,90716,115000,2,2,0,0,1967,16,0,0
12550 E Carson St Spc 105,Hawaiian Gardens,90716,198000,2,2,1000,0,2013,42,198,0
13024 Union Ave #201,Hawthorne,90250,995000,2,2,1429,0,2010,4,696,616
13075 Pacific Promenade #111,Playa Vista,90094,939000,2,2.5,1197,50985,2003,4,784,727
1343 W 222nd St,Torrance,90501,799000,2,1,982,9001,1947,12,814,0
1345 Cambridge Dr,Glendale,91205,929000,2,2,1164,4496,1947,11,798,0
1347 E Garfield Ave,Glendale,91205,976800,2,1,888,6862,1938,19,1100,0
13660 Van Buren Ave,Gardena,90247,750000,2,2,1421,6601,1953,21,528,0
137 W Altadena Dr,Altadena,91001,999999,2,1.5,1507,8864,1915,1,664,0
1375 Kelton Ave #104,Los Angeles,90024,779000,2,2,1149,23155,1983,10,678,570
1409 Havenhurst Dr #1,West Hollywood,90046,1550000,2,2.5,1629,15393,1982,1,952,500
141 S Linden Dr #305,Beverly Hills,90212,1899000,2,2,2082,28063,1974,95,912,1265
1429 El Paso Dr,Los Angeles,90065,899900,2,1,852,4870,1952,48,1056,0
14315 Funston Ave,Norwalk,90650,590000,2,1,872,5601,1942,5,677,0
1436 Brett Pl #18,San Pedro,90732,525000,2,2,961,249580,1987,3,546,470
1436 Brett Pl #22,San Pedro,90732,529000,2,2,961,0,1987,4,550,470
14408 Brink Ave,Norwalk,90650,604988,2,1,799,5600,1940,6,757,0
1445 Brett Pl #112,San Pedro,90732,649900,2,3,1447,70840,1987,1,449,638
1457 N Oxford Ave,Pasadena,91104,999999,2,2,1088,6266,1924,4,919,0
1459 E 43rd St,Los Angeles,90011,485000,2,1,864,5198,1907,3,561,0
14632 Thornlake Ave,Norwalk,90650,645888,2,1,752,5740,1948,12,859,0
1469 E Elizabeth St,Pasadena,91104,850000,2,1,783,8032,1922,1,1086,0
14727 Parthenia St #21,Panorama City,91402,389000,2,1,846,178115,1978,4,460,470
14735 Victory Blvd #12,Van Nuys,91411,515000,2,1.5,1068,12998,1980,3,482,400
14813 Helwig Ave,Norwalk,90650,615000,2,1,756,6069,1949,4,813,0
14953 Bayou Ave,Bellflower,90706,699000,2,1,1007,2510,1960,171,694,0
1509 Greenfield Ave #108,Los Angeles,90025,999000,2,2,1527,26857,1973,12,654,510
15157 Woodruff Pl,Bellflower,90706,499000,2,2,987,56476,1973,7,506,200
1517 E Garfield Ave #63,Glendale,91205,587000,2,2,1099,134640,1975,84,534,362
1520 Camden Ave #201,Los Angeles,90025,1290000,2,3,1756,20263,1974,33,735,531
15321 Jasmine Ln #102,Gardena,90249,749000,2,3,1300,24724,2016,3,576,240
15333 Kornblum Ave,Lawndale,90260,695000,2,1,1030,5244,1951,10,675,0
1535 E Elizabeth St,Pasadena,91104,1025000,2,2,1362,8012,1923,1,753,0
1537 E Topeka St,Pasadena,91104,850000,2,1,792,8103,1946,1,1073,0
1544 Stanford St #2,Santa Monica,90404,866000,2,2,1122,8124,1971,36,772,274
1545 E Elizabeth St,Pasadena,91104,900000,2,1,1086,8009,1945,1,829,0
155 Cordova St #203,Pasadena,91105,1310000,2,2,2000,16350,2010,20,655,1113
155 Cordova St #204,Pasadena,91105,1320000,2,2,2054,0,2010,33,643,1164
15550 Bellflower Blvd,Bellflower,90706,699999,2,1,797,7764,1941,13,878,0
1564 Cabrillo Ave,Venice,90291,1995000,2,2,1341,1683,1913,3,1488,0
15716 S Normandie Ave #7,Gardena,90247,499000,2,2,1248,12376,1981,5,400,200
1602 Artesia Square Ave Unit E,Gardena,90248,779000,2,2.5,1706,40000,2012,14,457,355
1606 S Stanley Ave,Los Angeles,90019,1495000,2,2,2287,5714,1924,6,654,0
1614 Navarro Ave,Pasadena,91103,800000,2,2,1109,4375,1923,51,721,0
1625 Centinela Ave Unit K,Santa Monica,90404,699000,2,1,750,12938,1959,18,932,372
166 S Hayworth Ave #201,Los Angeles,90048,995000,2,2,1671,11036,1982,11,595,635
16739 Vanowen Unit l,Lake Balboa,91406,449995,2,2,1221,0,1974,2,369,440
1697 N Sierra Bonita Ave,Pasadena,91104,675000,2,1,672,2010,1924,1,1004,0
1717 E Chevy Chase Dr,Glendale,91206,1399999,2,0,1723,6402,1950,41,813,0
1751 Hauser Blvd,Los Angeles,90019,1199900,2,1,1323,5408,1938,68,907,0
17628 Alburtis Ave #14,Artesia,90701,450000,2,1,809,79559,1978,19,556,365
17700 AVALON,Carson,90746,239000,2,2,1440,0,1975,1,166,0
17700 S Avalon Blvd #356,Carson,90746,199950,2,2,1440,0,1975,5,139,0
178 S Euclid Ave #107,Pasadena,91101,1039000,2,2,1130,22617,2022,17,919,511
17820 Lakewood #8,Bellflower,90706,49900,2,1,0,0,2000,5,0,0
17914 Magnolia Blvd #128,Encino,91316,499000,2,2,1107,54578,1981,3,451,495
1800 Oakdale St,Pasadena,91106,1280000,2,2,1224,4924,1923,11,1046,0
1811 Oak St #1,Santa Monica,90405,1495000,2,2.5,1345,7009,1991,7,1112,400
1820 S Orange Dr,Los Angeles,90019,1150000,2,3,1437,5600,1936,5,800,0
1821 S Dunsmuir Ave,Los Angeles,90019,1299000,2,1,1273,5914,1940,12,1020,0
1827 8th St,Manhattan Beach,90266,1990000,2,1,1019,7500,1952,1,1953,0
1828 Camden Ave #201,West Los Angeles,90025,875000,2,2.5,1288,13247,1969,42,679,564
1840 Camden Ave #205,Los Angeles,90025,749999,2,2,944,13242,1972,7,794,320
1840 Torrance Blvd,Torrance,90501,849000,2,2.5,1660,42788,2000,4,511,175
18407 Collins St Unit A,Tarzana,91356,649000,2,3,1516,124721,1973,4,428,400
18801 Hawthorne Space #65 Blvd,Torrance,90504,165000,2,2,0,0,1979,67,0,0
18828 Hatteras St Unit A,Tarzana,91356,575000,2,3,1549,72206,1979,4,371,488
1B,Gardena,90248,700000,2,2.5,1528,0,0,0,458,0
200 N Swall Dr #309,Beverly Hills,90211,1475000,2,2,1532,96911,1986,6,963,1761
201 Ocean Ave Unit 1907B,Santa Monica,90402,3495000,2,3,1744,57733,1971,3,2004,4200
2018 Griffith Park Blvd #213,Los Angeles,90039,759000,2,2,1179,121289,1982,4,644,560
2025 Avenue Of The Stars #1203,Los Angeles,90067,4079000,2,2.5,1942,0,1965,13,2100,3175
2025 Avenue Of The Stars #1403,Los Angeles,90067,4175000,2,2.5,1942,0,1965,95,2150,3175
2025 Avenue Of The Stars #1605,Los Angeles,90067,4800000,2,2.5,1743,0,1965,73,2754,3011
2025 Avenue Of The Stars #207,Los Angeles,90067,3188000,2,2.5,1555,0,1965,95,2050,2853
2030 Lovila Ln,Altadena,91001,849000,2,1,1042,4611,1925,11,815,0
2050 Glendon Ave,Los Angeles,90025,1575000,2,2,1176,5406,1926,1,1339,0
20505 S Vermont Ave #6,Torrance,90502,550000,2,2,959,229579,1980,16,574,342
207 S Aviation Blvd,Manhattan Beach,90266,1325000,2,1,906,5299,1961,33,1462,0
211 Elm Ct Unit 17C,Los Angeles,90067,6700000,2,2.5,2940,0,0,66,2279,3753
211 Elm Ct Unit 18B,Los Angeles,90067,5600000,2,2.5,2495,0,0,66,2244,3286
211 Elm Ct Unit 4D,Los Angeles,90067,2928000,2,2.5,1830,0,0,40,1600,2589
21329 Norwalk Blvd #30,Hawaiian Gardens,90716,450000,2,2,1094,200781,1979,6,411,310
21555 Burbank Blvd #64,Woodland Hills,91367,649999,2,1.5,1074,222405,1980,3,605,470
2160 Century Park East #206,Los Angeles,90067,1065000,2,2,1416,223035,1966,109,752,1548
2160 Century Park East #905,Los Angeles,90067,979000,2,2,1053,223035,1966,42,930,1109
21607 Juan Ave #37,Hawaiian Gardens,90716,430000,2,2,887,58000,1973,11,485,270
2171 Century Woods Way #25,Los Angeles,90067,2345000,2,2.5,2487,257632,1983,111,943,3006
2175 S Beverly Glen Blvd #306,Los Angeles,90025,989000,2,2,1435,30180,1973,112,689,494
21834 Belshire Ave #1,Hawaiian Gardens,90716,370000,2,1,784,21582,1979,13,472,200
222 Monterey Rd #305,Glendale,91206,928000,2,2.5,1864,38248,1982,76,498,970
2222 Avenue Of The Stars Unit E 1101,Los Angeles,90067,1899000,2,2,1974,177810,1964,17,962,2434
2235 W 25th St #119,San Pedro,90732,635000,2,2,1360,85475,1969,3,467,549
2274 Century Hl,Los Angeles,90067,2900000,2,3.5,2912,787367,1980,34,996,2654
234 N Kenwood St #307,Glendale,91206,449000,2,2,1185,22411,1975,10,379,425
2345 190th #7,Redondo Beach,90278,92500,2,1,600,0,1959,62,154,0
239 S Lasky Dr,Beverly Hills,90212,1949500,2,3,1518,9014,1990,1,1284,375
2412 Glenrose Ave,Altadena,91001,925000,2,1,1113,4644,1947,2,831,0
2427 Centinela Ave Unit A,Santa Monica,90405,647000,2,1,854,17862,1950,3,758,272
2432 W Avenue 30,Los Angeles,90065,1100000,2,1,1520,9000,1921,13,724,0
2441 14th St,Santa Monica,90405,1798000,2,1,954,4481,1941,2,1885,0
245 Windward Ave,Venice,90291,1400000,2,1,564,2850,1921,4,2482,0
248 S Doheny Dr #6,Beverly Hills,90211,870000,2,2,1074,5608,1961,7,810,450
2503 28th St #4,Santa Monica,90405,1400000,2,2.5,1723,9005,1992,7,813,450
2519 Kansas Ave #102,Santa Monica,90404,989000,2,2.5,1367,12596,1979,5,723,300
257 S Hudson Ave #301,Pasadena,91101,1198000,2,2.5,1991,0,2009,7,602,628
26200 Frampton #43,Torrance,90710,154500,2,2,1440,0,1976,1,107,0
2661 S Longwood Ave,Los Angeles,90016,899999,2,2,888,4482,1925,25,1014,0
2663 Centinela Ave #310,Santa Monica,90405,960000,2,2.5,1249,34255,1981,34,769,530
2705-2707 Benedict St,Atwater Village,90039,855000,2,2,960,5405,1925,18,891,0
278 S Oak Knoll Ave #9,Pasadena,91101,757000,2,2,1350,15022,1987,188,561,325
2809 W Norwood Pl,Alhambra,91803,1050000,2,2,1472,7484,1947,126,713,0
2831 Wellington Rd,Los Angeles,90016,999890,2,1,960,5234,1924,11,1042,0
2865 S Shenandoah St,Los Angeles,90034,945000,2,3,1794,4060,1956,105,527,0
288 S Oakland Ave #101,Pasadena,91101,899000,2,2,1280,0,2016,46,702,366
2903 Hillcrest Dr,Los Angeles,90016,925000,2,1,1050,4420,1925,6,881,0
306 S Arroyo Dr Unit B,San Gabriel,91776,788000,2,2.5,1333,38326,2017,13,591,275
3070 Lake Hollywood Dr,Los Angeles,90068,1598000,2,2,1822,9217,1948,3,877,0
3134 Scotland St,Los Angeles,90039,1250000,2,2,1420,3680,1953,1,880,0
320 E Glenarm St,Pasadena,91106,1445000,2,1.5,1533,7842,1928,7,943,0
321 N Oakhurst Dr #301,Beverly Hills,90210,845000,2,2,1564,22501,1974,8,540,1144
321 S San Vicente Blvd #203,Los Angeles,90048,715000,2,2,1282,42253,1976,32,558,685
322 S Mansfield Ave,Hancock Park,90036,1599999,2,2,1546,6750,1924,13,1035,0
324 N Louise St #10,Glendale,91206,689000,2,2,1283,9479,1966,13,537,325
3246 W 135th St,Hawthorne,90250,750000,2,2,1193,6159,1954,13,629,0
325 N Arnaz Dr #204,Los Angeles,90048,1125000,2,2,1327,11116,2005,26,848,640
330 N Chapel Ave #219,Alhambra,91801,530000,2,1,739,32,1973,9,717,242
3310 Raintree Cir,Culver City,90230,599000,2,2,1116,296873,1972,10,537,576
3315 Griffith Park Blvd #203,Los Angeles,90027,785000,2,1.5,1176,25023,1976,3,668,534
3322 Ledgewood Dr,Los Angeles,90068,1200000,2,2,981,11104,1957,3,1223,0
3460 Division St,Los Angeles,90065,775000,2,0,987,6599,1947,12,785,0
3520 Hollydale Dr,Los Angeles,90039,999990,2,1,900,5401,1927,1,1111,0
355 E Ashtabula St,Pasadena,91104,795000,2,1,969,7188,1897,21,820,0
3555 Keystone Ave #201,Los Angeles,90034,798000,2,2,1301,14962,1980,4,613,345
3615 Edenhurst Ave,Los Angeles,90039,1725000,2,2,1420,3567,1923,350,1215,0
3645 Cardiff Ave #211,Los Angeles,90034,910000,2,2,1137,30334,1993,18,800,441
370 Cliff Dr #3,Pasadena,91107,725000,2,2,1191,18341,1959,11,609,325
3710 W Imperial,Inglewood,90303,639999,2,1,1061,6127,1940,2,603,0
3810 Wilshire Blvd #2008,Los Angeles,90010,720000,2,2,910,64152,1962,1,791,650
385 S Oakland Ave #204,Pasadena,91101,750000,2,2,1209,52524,1963,1,620,409
3911 W 112th St,Inglewood,90303,700000,2,2,1301,5937,1959,4,538,0
3969 S Centinela Ave,Los Angeles,90066,1190000,2,2,1179,2251,1948,19,1009,0
400 W California Ave #106,Glendale,91203,685000,2,2,1198,28142,1998,5,572,285
405 N Palm Dr #304,Beverly Hills,90210,1450000,2,2.5,1856,15405,1983,4,781,1051
406 W Bencamp St,San Gabriel,91776,850000,2,2,987,5933,1929,14,861,0
409 Los Higos St,Alhambra,91801,836000,2,2,1040,3685,1955,85,804,0
4102 Raintree Cir,Culver City,90230,779000,2,2,1122,296873,1972,1,694,576
412 N Highland Ave,Los Angeles,90036,2395000,2,2.5,2809,10027,1948,1,853,0
4125 W 162nd St,Lawndale,90260,759995,2,1,885,5347,1934,4,859,0
4163 Center St,Culver City,90232,1950000,2,2,975,5501,1939,111,2000,0
4197 York Blvd,Eagle Rock,90065,988000,2,1.5,1035,7454,1926,48,955,0
42 E Harriet St,Altadena,91001,885000,2,1,1242,9281,1981,33,713,0
4201 Topanga Canyon Blvd,Woodland Hills,91364,174500,2,2,1248,0,1966,3,140,0
4202 Whitsett Ave #202,Studio City,91604,809000,2,2,1230,11974,2007,1,658,511
4252 Tosca Rd,Woodland Hills,91364,892500,2,1,1684,6875,1956,3,530,0
4268 Spencer St,Torrance,90503,975000,2,3,2188,190501,1989,7,446,400
428 S 1st St,Alhambra,91801,762000,2,1,682,7500,1924,82,1117,0
4298 Rosilyn Dr,Los Angeles,90063,780000,2,1.5,1380,4957,1939,2,565,0
433 N Altadena Dr #5,Pasadena,91107,754000,2,2,1290,38216,2005,164,584,385
4353 Colfax Ave #43,Studio City,91604,500000,2,1,881,90789,1961,3,568,427
441 S Wetherly Dr,Beverly Hills,90211,2787654,2,2,1252,5096,1926,28,2227,0
4465 Katherine Ave,Sherman Oaks,91423,1049000,2,1,1076,6749,1942,3,975,0
4515 Don Ricardo Dr Unit 2W,Los Angeles,90008,615000,2,1.5,948,15770,1961,2,649,264
4523 W 167th St,Lawndale,90260,803000,2,1.5,932,3954,1941,34,862,0
453 N Altadena Dr #9,Pasadena,91107,768888,2,2.5,1263,38211,2005,112,609,440
4603 W 17th St,Los Angeles,90019,825000,2,1,832,2645,1923,5,992,0
4709 Dunrobin Ave,Lakewood,90713,755777,2,1,1312,5040,1950,1,576,0
4844 York Blvd,Los Angeles,90042,1200000,2,1,1120,5194,1921,74,1071,0
497 E California Blvd #113,Pasadena,91106,699000,2,2,1154,75663,1980,16,606,475
5001 Stoney Creek Rd #455,Culver City,90230,669900,2,2,885,104280,1973,111,757,486
501 E Del Mar Blvd #104,Pasadena,91101,779000,2,2,1263,36778,1987,5,617,404
507 Sinaloa Ave,Pasadena,91106,520000,2,1,682,3185,1923,29,762,0
524 E Mission Rd,San Gabriel,91776,1050000,2,1.5,2369,5095,1924,12,443,0
5301 Balboa Unit B6,Encino,91316,599999,2,2,1385,0,1965,33,433,459
5301 Yarmouth Ave #4,Encino,91316,489000,2,2,1199,21801,1969,4,408,502
5389-1/2 Village Grn,Los Angeles,90016,750000,2,1,982,588770,1945,84,764,454
5400 Newcastle Ave #55,Encino,91316,459000,2,2,945,60947,1967,1,486,449
5402 W 149th Pl #17,Hawthorne,90250,949000,2,2,1331,62743,2007,12,713,293
5412 W Pico,Los Angeles,90019,1500000,2,2,1316,3218,1924,4,1140,0
5441 Twin Lakes Dr,Cypress,90630,599999,2,1.5,993,0,1979,1,604,435
5475 Twin Lakes Dr,Cypress,90630,553000,2,1,1156,0,1979,14,478,435
5610 Corbett St,Los Angeles,90016,459900,2,1,759,37289,1948,87,606,380
5644 Clemson St,Los Angeles,90016,469000,2,1,808,30523,1948,1,580,480
5772 Clemson St,Los Angeles,90016,475000,2,1,771,30840,1948,73,616,345
5829 Sultana,Temple City,91780,750000,2,1,956,4811,1941,529,785,0
5911 S Halm Ave,Los Angeles,90056,1349999,2,2,1780,8542,1956,3,758,0
5939 Fidler Ave,Lakewood,90712,655000,2,1,775,6252,1942,2,845,0
600 W 9th St #605,Los Angeles,90015,689000,2,2,1193,83379,1983,1,578,854
602 S Wilton Pl #202,Los Angeles,90005,730000,2,2,1539,15480,2002,1,474,410
609 Westminster Ave,Alhambra,91803,850000,2,1,1132,5195,1928,15,751,0
6103 Mount Angelus Dr,Los Angeles,90042,1049000,2,2,1064,3767,1922,3,986,0
"6123 Pennswood,",Lakewood,90712,699900,2,1,814,5458,1945,1,860,0
6144 E Wardlow Rd,Long Beach,90808,749000,2,1,860,5031,1950,14,871,0
6152 Poppy Peak Dr,Los Angeles,90042,740000,2,1,744,2005,1924,26,995,0
652 Pioneer Dr,Glendale,91203,749000,2,1,1077,6086,1924,4,695,0
6620 N Colbath Ave,Valley Glen,91405,985000,2,1,1126,7966,1946,2,875,0
693 Quail Dr,Los Angeles,90065,925000,2,1,898,4592,1951,12,1030,0
700 E union St #108,Pasadena,91101,829000,2,2,1296,26884,2006,7,640,704
701 Westminster Ave,Alhambra,91803,850000,2,1.5,1237,5195,1925,17,687,0
702 Rose Ave,Venice,90291,2850000,2,1,1140,7365,1924,2,2500,0
715 W 220 St #17,Torrance,90502,170000,2,2,0,0,1972,41,0,0
724 N Croft Ave #104,Los Angeles,90069,2283465,2,2.5,1933,0,2021,47,1181,877
724 N Croft Ave #110,Los Angeles,90069,2643953,2,2.5,2397,0,2020,47,1103,877
728 N Sweetzer Ave #116,Los Angeles,90069,2695000,2,3.5,2854,0,2021,38,944,926
7301 Vista Del Mar Ln Unit B-108,Playa Del Rey,90293,1915000,2,3,1861,64481,1981,3,1029,500
732 N Adams St,Glendale,91206,939000,2,1,1139,4228,1927,7,824,0
743 W 2nd St,San Pedro,90731,699900,2,1,780,3125,1923,4,897,0
7431 Paso Robles Ave,Lake Balboa,91406,750000,2,1,850,6699,1950,3,882,0
7432 Hazeltine Ave #8,Van Nuys,91405,485000,2,3,1131,11156,1981,1,429,250
750 Prospect Dr,Glendale,91205,998000,2,1,1196,6689,1955,10,834,0
7650 Topanga Canyon Blvd #15,Canoga Park,91304,574999,2,2.5,1620,33058,1983,4,355,324
766 E Mendocino St,Altadena,91001,989000,2,1,1239,4836,1940,35,798,0
777 East Valley Blvd #116,Alhambra,91801,590000,2,2,1103,474194,1963,5,535,284
7960 Selma Ave #301,Los Angeles,90046,995000,2,2,1217,21549,1964,3,818,510
801 S Grand Ave #1204,Los Angeles,90017,935000,2,2,1640,58984,1985,3,570,1087
8052 Dorothy St,Rosemead,91770,497500,2,2,474,7878,1941,31,1050,0
823 N Orange Grove Blvd,Pasadena,91103,1700000,2,2,1228,12269,1923,153,1384,0
828 S Bedford St #203,Los Angeles,90035,939000,2,2,1591,9587,1981,39,590,550
8280 Fair Ave,Sun Valley,91352,639000,2,1,816,7629,1926,2,783,0
849 E Ladera St,Pasadena,91104,899000,2,2,1148,4986,1936,4,783,0
85 E Commonwealth Ave Ph -D,Alhambra,91801,725000,2,2,1350,29580,2006,16,537,364
8522 Walnut Dr,Los Angeles,90046,899000,2,1,864,2999,1958,3,1041,0
8646 W Olympic Blvd #201,Los Angeles,90035,849000,2,3,1308,6998,1990,4,649,480
900 W Olympic Blvd Unit 47F,Los Angeles,90015,2249000,2,3,2200,399281,2010,1,1022,3198
9021 Kimberly Ln,Cypress,90630,689000,2,2,999,1000,2017,5,690,174
9080 Bloomfield Ave #147,Cypress,90630,159000,2,2,1484,0,2001,37,107,0
910 S Holt Ave #203,Los Angeles,90035,799000,2,1.5,1287,12015,1970,76,621,240
9135 Hargis St,Los Angeles,90034,1675000,2,2,1172,4989,1928,4,1429,0
920 Granite Dr #111,Pasadena,91101,1398000,2,2,2100,82770,2009,49,666,1445
9204 Rowell Ave,Chatsworth,91311,850000,2,1,888,18000,1954,3,957,0
9430 Haskell Ave,North Hills,91343,2450000,2,1,866,39597,1951,1,2829,0
946 W 220th St. #103,Torrance,90502,509000,2,1.5,1135,77733,1981,5,448,331
9530 Alondra #5,Bellflower,90706,135000,2,2,1152,0,1972,3,117,0
9745 Maple St,Bellflower,90706,950000,2,0,2720,4315,1937,28,349,0
9910 Wheatland Ave,Shadow Hills,91040,799999,2,1,1028,23433,1953,2,778,0
999 E Valley Blvd #140,Alhambra,91801,619000,2,2,1052,464846,1966,18,588,361
0,Los Angeles,90067,4099000,2,2.5,2250,161382,2010,62,1822,5858
1 W Century Dr Unit 32B,Los Angeles,90067,8000000,3,4.5,3430,161382,2010,3,2332,3870
1 W Century Dr Unit 34B,Los Angeles,90067,9995000,3,5,3430,161382,2010,7,2914,3870
10042 Chapin Way,Sunland,91040,1199000,3,3,2490,7936,1958,3,482,0
1005 Blossom Ln,Redondo Beach,90278,1299000,3,2.5,1504,7504,1979,5,864,50
1017 King Ave,Wilmington,90744,699000,3,2,1008,6266,1929,3,693,0
1031 Wapello St,Altadena,91001,1399000,3,2,1445,7126,1925,10,968,0
1035 Felder St,Gardena,90248,799500,3,2,1364,5156,1957,5,586,0
1035 Figueroa Ter #5,Los Angeles,90012,1145000,3,2.5,1800,71134,2018,2,636,392
10428 Barnwall St,Bellflower,90706,699999,3,2,1469,5528,1954,2,477,0
10435 Nichols St,Bellflower,90706,817000,3,2,1559,5905,1953,76,524,0
1046 Morada Pl,Altadena,91001,1248000,3,2.5,1745,7438,1911,6,715,0
10517 Mars Ln,Los Angeles,90077,2990000,3,3.5,1984,19507,1951,3,1507,0
10580 Wilshire Blvd Unit 7SW,Los Angeles,90024,3350000,3,3.5,2934,0,0,31,1142,3979
10661 W Wilkins Ave #6,Los Angeles,90024,1399000,3,3,2490,6500,1978,6,562,813
10724 Wilshire Blvd #902,Los Angeles,90024,2495000,3,3.5,2826,50476,1989,3,883,2460
10725 Ohio Ave #304,Los Angeles,90024,899000,3,2,1415,12464,1966,115,635,555
10772 Westminster Ave,Los Angeles,90034,1588000,3,3,2002,5200,1947,11,793,0
10848 Chimineas Ave,Porter Ranch,91326,850000,3,2,1530,12409,1957,1,556,0
110 N Gardner St,Los Angeles,90036,1695000,3,2,1666,5978,1926,9,1017,0
11120 Queensland St Unit H60,Los Angeles,90034,675000,3,2,1261,177228,1961,49,535,625
11160 S Grevillea Ave,Inglewood,90304,649999,3,1,1168,5529,1930,6,557,0
11215 Candor St,Cerritos,90703,839900,3,2,1609,4938,1968,48,522,0
11221 Stillman St,Lakewood,90715,839900,3,2,1520,5002,1964,3,553,0
11233 Barnwall St Unit D,Norwalk,90650,550000,3,2.5,1184,29713,1990,5,465,275
113 S Dianthus St,Manhattan Beach,90266,5600000,3,1,1194,6260,1952,96,4690,0
11311 Stanford St,Los Angeles,90059,450000,3,2,1144,5361,1937,3,393,0
1135 N Ditman Ave,Los Angeles,90063,839000,3,2,1213,5917,1927,3,692,0
11417 Culver Blvd #4,Los Angeles,90066,949999,3,3,1719,5123,1990,24,553,600
1142 21st St,Manhattan Beach,90266,2499000,3,2,1760,4992,1948,6,1420,0
11440 National Blvd #7,Los Angeles,90064,1388000,3,2.5,1813,24317,2007,65,766,400
11463 Excelsior Dr,Norwalk,90650,639900,3,3,1513,95078,1993,4,423,200
11524 Nava St,Norwalk,90650,793000,3,2,1568,5508,1949,18,506,0
11548 College Dr,Norwalk,90650,739999,3,2,1112,5184,1951,65,665,0
1161 Stearns Dr,Los Angeles,90035,1299000,3,1,1747,6011,1925,1,744,0
11619 Tarron Ave,Hawthorne,90250,649900,3,2,1267,5402,1954,3,513,0
11706 Darlington Ave Ph 402,Los Angeles,90049,1365000,3,2.5,1653,7375,1997,2,826,650
11708 Chanera Ave,Hawthorne,90250,795000,3,2,1298,5649,1954,31,612,0
1175 N Mentor Ave,Pasadena,91104,999000,3,2,1143,9614,1905,1,874,0
11866 167th St,Artesia,90701,600000,3,1.5,1249,2785,1986,122,480,0
11866 169th St,Artesia,90701,625000,3,2,1534,3018,1985,2,407,0
11871 162nd St,Norwalk,90650,659000,3,2,1524,4063,1959,119,432,0
11912 Laurelwood Dr #103,Studio City,91604,1025000,3,2.5,1560,9773,2015,47,657,560
11924 Tennessee Pl,Los Angeles,90064,1499000,3,2,1235,5498,1939,7,1214,0
11930 Woodbine St,Los Angeles,90066,1795000,3,2,1116,5919,1946,18,1608,0
11934 Salem Dr,Granada Hills,91344,1100000,3,2,1961,11315,1958,2,561,0
12045 186th St,Artesia,90701,734990,3,2,1620,4926,1966,3,454,0
1207 Oakridge Dr,Glendale,91205,1100000,3,2,1800,6038,1924,25,611,0
1208 Kornblum Ave,Torrance,90503,1200000,3,2,1652,5672,1951,19,726,0
1220 Roxbury Dr #302,Los Angeles,90035,2129000,3,3.5,3346,11670,1980,6,636,1180
1221 Valle Ct,Torrance,90502,850000,3,3,1822,22936,2005,1,467,130
12251 Shady Hollow Ln,Porter Ranch,91326,895000,3,3,1929,5999,1987,2,464,420
12287 Sunset Park Way,Los Angeles,90064,2290000,3,3,2465,6389,1978,10,929,0
12331 Sproul St,Norwalk,90650,725000,3,1,1368,5566,1949,4,530,0
12336 223rd St,Hawaiian Gardens,90716,798000,3,2,1456,5302,1938,5,548,0
125 S Rexford Dr #201,Beverly Hills,90212,1899000,3,3,2027,11883,1997,7,937,795
12502 Felton Ave,Hawthorne,90250,915000,3,1,1476,5201,1944,11,620,0
12523 Matteson Ave,Los Angeles,90066,1895000,3,2,1324,5689,1948,14,1431,0
1259 W 213th St,Torrance,90502,710000,3,2,1295,5228,1959,7,548,0
1260 E Radbard St,Carson,90746,653000,3,2,1437,3216,1966,126,454,0
1261 W 140th St W,Gardena,90247,819000,3,2,1464,5249,1959,9,559,0
12648 South St,Cerritos,90703,850000,3,2,1060,6105,1928,54,802,0
12735 Venice Blvd,Los Angeles,90066,1465000,3,4,1686,2600,1952,3,869,0
12864 Correnti St,Pacoima,91331,499900,3,2,1506,6869,1956,3,332,0
1300 Carmona Ave,Los Angeles,90019,2199000,3,2.5,2315,4552,1930,6,950,0
1300 W 77th St,Los Angeles,90044,675000,3,2,1156,5276,1920,1,584,0
13008 Brazil St,Cerritos,90703,1058888,3,2,2003,5044,1972,4,529,0
13008 Casimir Ave,Gardena,90249,755000,3,2,1733,5300,1955,3,436,0
13031 Dronfield Ave,Sylmar,91342,799999,3,3,1485,6282,1956,4,539,0
1310 N Marengo Ave,Pasadena,91103,885000,3,3,1615,5183,1959,4,548,0
1315 S Euclid Ave,Pasadena,91106,1750000,3,2,2151,9594,1939,11,814,0
1317 Cordary Ave,Torrance,90503,1050000,3,2,1381,6480,1951,5,760,0
132 N Swall Dr #203,Los Angeles,90048,2380000,3,4,1790,11660,2017,41,1330,528
13232 Kismet Ave,Sylmar,91342,699500,3,2,1093,8501,1957,2,640,0
1324 El Prado Ave #31,Torrance,90501,1000000,3,2.5,1392,25458,1997,93,718,315
13334 Osborne St,Arleta,91331,895000,3,1,1141,15332,1950,5,784,0
13336 Semora Pl,Cerritos,90703,869000,3,2,1461,5804,1968,1,595,0
1340 El Prado Ave #25,Torrance,90501,1000000,3,2.5,1392,25458,1997,93,718,315
1350 S Stanley Ave,Los Angeles,90019,1999000,3,3,1800,7954,1935,1,1111,0
13613 Bria Ln,Gardena,90247,787590,3,3,1640,0,2022,67,480,317
138 N Almont Dr,West Hollywood,90048,2495000,3,2,1700,5434,1924,24,1468,0
13851 Jefferson Ave,Hawthorne,90250,830000,3,2,1400,4420,1941,93,593,0
1400 Holmby Ave,Los Angeles,90024,2449000,3,2,2496,7646,1929,2,981,0
1413 Ocean Park Blvd #2,Santa Monica,90405,1295000,3,2.5,1408,6438,1979,17,920,598
1417 251st St,Harbor City,90710,895000,3,2,1431,7332,1952,3,625,0
1425 Hillcrest Ave,Pasadena,91106,5300000,3,5,5208,18394,1922,337,1018,0
14411 Pebblecreek Way,Gardena,90247,820000,3,3.5,1911,8701,2005,45,429,141
14518 Kingsdale Ave,Lawndale,90260,749000,3,2.5,1867,3009,1982,6,401,0
1456 W 187th St,Gardena,90248,639900,3,1,1346,6612,1950,11,475,0
1460 Rubio Dr,San Marino,91108,1998000,3,2,2162,9241,1925,4,924,0
14602 Funston Ave,Norwalk,90650,675000,3,1,1054,5245,1948,19,640,0
14602 Jersey Ave,Norwalk,90650,755000,3,2,1308,6659,1950,90,577,0
14808 Kingsdale Ave,Lawndale,90260,729000,3,2,1102,4300,1961,4,662,0
1501 Oak St,South Pasadena,91030,1680000,3,2,1378,8882,1922,10,1219,0
1514 Ensley Ave,Los Angeles,90024,2699000,3,3.5,2438,5071,1928,6,1107,0
1516 Cravens Ave #14,Torrance,90501,875000,3,2.5,1392,44989,1996,22,629,335
1523 E Elizabeth St,Pasadena,91104,895000,3,1.5,1320,8017,1922,1,678,0
15232 Van Ness Ave,Gardena,90249,789000,3,2,1250,5201,1950,20,631,0
1535 Bellford Ave,Pasadena,91104,1049000,3,2,1600,6099,1966,1,656,0
1535 Meadowbrook Rd,Altadena,91001,1998000,3,2.5,2646,11455,1960,8,755,0
15357 Manzana Ave,Paramount,90723,565000,3,1,1027,3164,1964,8,550,0
155 Cordova St #501,Pasadena,91105,4390000,3,4,3840,16350,2010,332,1143,1255
155 Harkness Ave #1,Pasadena,91106,1180000,3,3,1800,14527,2007,13,656,250
15509 S Stanford Ave,Compton,90220,607000,3,2,1422,5101,1965,11,427,0
15607 Florwood Ave,Lawndale,90260,715000,3,1,1063,5462,1952,5,673,0
15724 Covello St,Van Nuys,91406,885000,3,3,1986,8783,1941,3,446,0
158 S Sierra Madre Blvd #13,Pasadena,91107,1270000,3,2.5,1837,33119,2019,4,691,520
15825 La Salle Ave,Gardena,90247,800000,3,2,1325,6904,1955,5,604,0
16029 Evergreen Ln,Cerritos,90703,639900,3,2,1210,2399,1977,15,529,315
16049 Temecula St,Pacific Palisades,90272,2850000,3,2,1536,5748,1948,3,1855,0
1611 Steinhart Ave,Redondo Beach,90278,1400000,3,2,1153,4982,1952,7,1214,0
16136 Cornuta Ave #110,Bellflower,90706,475000,3,2,1336,61032,1981,58,356,300
1615 S Atlantic Blvd Unit A,Alhambra,91803,758000,3,3,1633,11057,2003,158,464,0
1630 Bridgeport Dr,Los Angeles,90065,1650000,3,3.5,2750,10288,2019,252,600,0
16320 Ballinger St,North Hills,91343,719000,3,2,1796,7535,1964,4,400,0
16325 Malden St,North Hills,91343,849000,3,2,1374,7253,1961,3,618,0
1640 Bedford Rd,San Marino,91108,3780000,3,4,2369,25775,1954,49,1596,0
16422 W Orchard Ave S,Gardena,90247,800000,3,1,914,7794,1954,11,875,0
1657 S Garth Ave,Los Angeles,90035,1600000,3,1.5,1601,3829,1940,27,999,0
1663 S Point View St,Los Angeles,90035,1899000,3,2,1454,8101,1928,1,1306,0
16923 Cedarwood Ct,Cerritos,90703,575000,3,1,867,10527,1972,22,663,340
1697 New York Dr,Altadena,91001,999000,3,2,1358,5489,1954,7,736,0
1702 Brockton Ave #4,Los Angeles,90025,968000,3,2.5,1559,6063,1981,1,621,250
17108 Oak View Dr,Encino,91316,2700000,3,2.5,2499,15524,1971,3,1080,0
17116 Michaels Ave,Cerritos,90703,925000,3,2,1484,7034,1977,18,623,0
17437 Stagg St,Northridge,91325,715000,3,2,1254,5993,1951,3,570,0
17457 Burma St,Encino,91316,1300000,3,2,1636,5610,1949,3,795,0
17623 Bromley St,Encino,91316,995000,3,3,1545,5547,1949,4,644,0
17700 Avalon Blvd #26,Carson,90746,260000,3,2,1440,0,1976,6,181,0
17701 Avalon Blvd #330,Carson,90746,210000,3,2,1440,0,1978,3,146,0
17730 Elkwood St,Reseda,91335,795000,3,2,1297,6451,1953,4,613,0
1778 N Oxford Ave,Pasadena,91104,945000,3,2,1166,5947,1947,10,810,0
18006 Hartland St,Reseda,91335,910000,3,2,1634,5936,1950,1,557,0
1807 11th St,Santa Monica,90404,1700000,3,4,2915,7477,1921,17,583,0
18180 Andrea Cir N #4,Northridge,91325,655000,3,2.5,1824,188991,1980,1,359,580
1819 W 182nd St #A,Torrance,90504,750000,3,2.5,1712,0,1985,3,438,0
1821-1/2 Veteran Ave,Los Angeles,90025,1595000,3,2.5,1555,6619,2021,27,1026,0
18235 Ambler Ave,Carson,90746,749000,3,2,1634,4981,1953,20,458,0
18333 Faysmith Ave,Torrance,90504,975000,3,2,1162,5284,1956,5,839,0
1836 Torrance Blvd,Torrance,90501,874900,3,3.5,1814,42788,2000,2,482,175
1836 W 154th Pl,Gardena,90249,739000,3,2,1160,5452,1953,5,637,0
1838 Westholme Ave #105,Los Angeles,90025,1295000,3,2.5,1653,14654,2004,4,783,450
1845 Pandora Ave,Los Angeles,90025,2485000,3,4,2310,6333,1940,72,1076,0
1854 W 150th St,Gardena,90249,888000,3,4,1505,5946,1944,4,590,0
18656 Calahan St,Northridge,91324,850000,3,2,1500,7567,1958,4,567,0
1869 Montiflora Ave,Eagle Rock,90041,1499000,3,2.5,1902,7351,1955,9,788,0
1872 N Marengo Ave,Pasadena,91103,975000,3,1,950,6723,1923,24,1026,0
188 S Sierra Madre Blvd #8,Pasadena,91107,1590000,3,4,2390,32623,2018,44,665,404
18824 Patronella Ave,Torrance,90504,870000,3,1.5,1183,5612,1954,5,735,0
1901 Barry Ave,Los Angeles,90025,1345000,3,2.5,1995,46948,1985,1,674,415
19040 Hamlin St #5,Reseda,91335,534500,3,2,1156,233047,1977,3,462,350
19127 Pioneer Blvd #71,Artesia,90701,165000,3,2,1056,0,1997,53,156,0
1915 Malcolm Ave #302,Los Angeles,90025,1085000,3,2,1515,6754,1988,40,716,600
1924 S Averill Ave,San Pedro,90732,929000,3,1.5,1310,6236,1947,1,709,0
19544 Astor Pl,Northridge,91324,799000,3,2.5,1645,28142,2018,4,486,371
19620 Corby Ave,Cerritos,90703,795000,3,2,1181,5011,1969,31,673,0
1972 Monte Vista St,Pasadena,91107,1099000,3,1,1338,7501,1924,5,821,0
19909 Elaine Ave,Cerritos,90703,899000,3,2,1266,5234,1971,22,710,0
201 Hazell Way,San Gabriel,91776,885300,3,2,1161,6404,1939,5,763,0
2012 Cedar St Unit H,Alhambra,91801,675000,3,2.5,1405,0,1980,3,480,175
2017 Hillcrest Dr,Hermosa Beach,90254,1549000,3,2,1387,2009,1956,18,1117,0
2025 Avenue Of The Stars #1215,Los Angeles,90067,5335000,3,3,2452,0,1965,55,2176,3608
2034 N Summit Ave,Pasadena,91103,1325000,3,2,1840,7488,1910,3,720,0
2040 N Madison Ave,Altadena,91001,1248000,3,2,1622,7884,1927,3,769,0
20431 Bassett St,Winnetka,91306,940000,3,2,1300,7500,1953,3,723,0
20502 Avis Ave,Torrance,90503,1174977,3,2,1514,7210,1958,4,776,0
20603 Kenwood Ave,Torrance,90502,849900,3,2,1060,5227,1921,9,802,0
20641 Acre St,Winnetka,91306,798500,3,2,1334,8014,1956,3,599,0
2103 Cullivan St,Los Angeles,90047,720000,3,1,1180,6936,1947,6,610,0
211 Elm Ct Unit 17A,Los Angeles,90067,7700000,3,3.5,3320,0,0,40,2319,4151
21106 Brighton Ave,Torrance,90501,699000,3,1,1107,6077,1952,2,631,0
2111 Cedar St Unit B,Alhambra,91801,799000,3,3,2040,26612,1996,8,392,280
21119 La Salle Ave,Torrance,90501,899999,3,3,1849,8501,1949,4,487,0
2120 Grant Ave Unit B,Redondo Beach,90278,1299000,3,3,1750,7512,2001,4,742,100
2126-2130 S Chickasaw Ave,Eagle Rock,90041,938000,3,3,1687,4968,1920,348,556,0
2142 Century Park Ln #302,Los Angeles,90067,1495000,3,3,2105,589286,1989,6,710,1429
2143 Colby Ave,Los Angeles,90025,1399000,3,2.5,2148,58907,1992,42,651,660
21461 Arapahoe,Chatsworth,91311,645000,3,2.5,1300,2627,1991,1,496,0
21526 Belshire Ave #4,Hawaiian Gardens,90716,435000,3,2,980,56572,1979,1,444,240
21666 Yucatan Ave,Woodland Hills,91364,1548000,3,2,2029,11143,1956,3,763,0
21915 Wyandotte St #110,Canoga Park,91303,674999,3,3,1776,75012,1990,1,380,400
2192 Century Woods Way #47,Los Angeles,90067,2399000,3,4,3080,257632,1983,11,779,3402
2210 San Marco Dr,Los Angeles,90068,1880000,3,4,2146,4059,1936,2,876,0
22100 Michale St,West Hills,91304,975000,3,2,2092,11463,1960,2,466,0
2220 Crawford Ave,Altadena,91001,899000,3,2,1281,6017,1924,8,702,0
2222 Avenue Of The Stars #1601,Los Angeles,90067,3299000,3,3,3745,177810,1964,18,881,4507
2222 Avenue Of The Stars #2401,Los Angeles,90067,1950000,3,3,2064,177810,1964,111,945,2599
2222 Avenue Of The Stars Unit 901E,Los Angeles,90067,1950000,3,2,2000,177810,1964,3,975,2599
2224 Fox Hills Dr #101,Los Angeles,90064,1895000,3,3.5,2278,6478,2005,24,832,684
2224 W AVENUE 31,Los Angeles,90065,989000,3,1,1144,4569,1925,12,865,0
2240 Lorain Rd,San Marino,91108,2450000,3,2.5,1981,16061,1938,20,1237,0
22419 Horst Ave,Hawaiian Gardens,90716,560000,3,1,1144,5004,1923,21,490,0
2257 Earl St,Los Angeles,90039,1449000,3,2,1389,4499,1925,1,1043,0
227 E Altadena Dr,Altadena,91001,897500,3,2,1362,7504,1963,161,659,0
22714 Wyandotte St,West Hills,91307,995000,3,2.5,1754,8220,1956,1,567,0
2292 White St,Pasadena,91107,1100000,3,2,1385,8302,1910,4,794,0
2297 Century Hl,Los Angeles,90067,1995000,3,3.5,2651,787367,1980,6,753,2731
2309 Ripley Ave,Redondo Beach,90278,1099000,3,1,842,3675,1959,5,1305,0
2319 S Corning St,Los Angeles,90034,1395000,3,1,1442,6019,1938,58,967,0
2342 S Cochran Ave,Los Angeles,90016,999000,3,1,1292,5041,1925,19,773,0
23801 Sylvan St,Woodland Hills,91367,999000,3,2,1160,7360,1960,2,861,0
240 Bonita Ave,Pasadena,91107,1328000,3,2,1445,6048,1950,1,919,0
240 Cresta Ave,San Gabriel,91775,1228000,3,2,1789,6290,1937,3,686,0
2401 Ocean Front Walk,Venice,90291,7950000,3,4,3815,2524,2003,3,2084,0
2411 Ripley Ave,Redondo Beach,90278,1258000,3,2,1170,3343,1960,17,1075,0
242 W 48th St,Los Angeles,90037,500000,3,1.5,1221,4803,1911,1,410,0
2431 Century Hl,Los Angeles,90067,2950000,3,5,3234,787367,1980,3,912,3139
2436 N Altadena Dr,Altadena,91001,2479000,3,2.5,2595,31698,1922,3,955,0
2460 Glenrose Ave,Altadena,91001,765000,3,1,1236,5041,1946,12,619,0
248 W 219th St,Carson,90745,749000,3,2,1613,6098,1958,5,464,0
2495 Butler Ave,Los Angeles,90064,1476000,3,2,1241,5523,1941,54,1189,0
2502 W Nelson Ave #2,Redondo Beach,90278,1099000,3,2.5,1937,7560,1981,4,567,0
2601 E Victoria #103,Rancho Dominguez,90220,195000,3,2,1620,0,1978,11,120,0
2608 Hines Dr,Los Angeles,90065,1385000,3,3,2626,4991,2005,40,527,0
261 S Reeves Dr #305,Beverly Hills,90212,1950000,3,2.5,2659,23821,2007,47,733,2320
2617 W Bennett St,Compton,90220,575000,3,2,1338,5043,1951,3,430,0
2631 Homepark Ave,Altadena,91001,989000,3,2,1493,7053,1953,6,662,0
2641 W Avenue 34,Los Angeles,90065,849900,3,1,1152,5259,1922,3,738,0
270 E Glenarm St #108,Pasadena,91106,879000,3,2.5,1550,23470,2004,5,567,445
2708 N Ardmore Ave,Manhattan Beach,90266,2250000,3,2.5,1743,2509,1972,4,1291,0
2717 S West View St,Los Angeles,90016,1229900,3,2,1264,5000,1923,1,973,0
272 N Chester Ave #105,Pasadena,91106,899000,3,2.5,1460,7871,2009,11,616,456
2766 Wright Ln,Hollywood Hills East,90068,1295000,3,3.5,2194,3213,2015,2,590,167
2780 Wright Ln,Los Angeles,90068,1299000,3,3.5,2194,2981,2015,10,592,190
2806 Spreckels Ln,Redondo Beach,90278,1399000,3,2,1275,5613,1955,45,1097,0
2809 Butler Ave,Los Angeles,90064,2100000,3,2.5,2030,5409,1951,12,1034,0
2810 Heritage Dr,Pasadena,91107,998000,3,2.5,1660,2544,1989,4,601,170
2825 La Cuesta Dr,Los Angeles,90046,2395000,3,3,1733,6851,1960,1,1382,0
2925 Waverly Dr,Los Angeles,90039,1699000,3,2.5,1968,2271,2022,1,863,99
2939 Sentney Ave,Culver City,90232,1699900,3,2,1230,4803,1949,50,1382,0
294 N Mar Vista Ave,Pasadena,91106,649800,3,2.5,1421,35901,1981,5,457,405
2B,Gardena,90248,730000,3,3,1640,0,0,0,445,0
3002 Farmdale Ave,Los Angeles,90016,1300000,3,3.5,1544,3781,1929,37,842,0
3017 Sentney Ave,Culver City,90232,1400000,3,3,1714,5399,1956,66,817,0
3033 Asbury St,Cypress Park,90065,849999,3,2,935,5300,1923,24,909,0
3047 Perlita Ave,Los Angeles,90039,895000,3,3,1840,5396,1938,28,486,0
310 N Oak Ave #2,Pasadena,91107,898000,3,4,1671,9384,2015,47,537,400
310 Washington Blvd #103,Marina Del Rey,90292,1595000,3,3,1960,8373,2012,2,814,760
3100 E Sierra Madre Blvd,Pasadena,91107,1485000,3,3,1860,7335,1984,5,798,0
3180 Paloma St,Pasadena,91107,1300000,3,2,1620,8706,1951,74,802,0
3181 Verdugo Pl,Los Angeles,90065,849000,3,3,2148,4142,1939,115,395,0
3217 W 134th St,Hawthorne,90250,739000,3,2,1200,5601,1940,7,616,0
322 S 7th St,Alhambra,91801,1265000,3,3.5,1911,7499,1924,143,662,0
324 Lincoln Ave,Glendale,91205,998000,3,2,1382,7480,1940,5,722,0
3321 W 166th St,Torrance,90504,975000,3,2,1494,5351,1952,5,653,0
3325 Silva St,Lakewood,90712,775000,3,2,1464,5071,1952,5,529,0
333 Milford St #303,Glendale,91203,1195000,3,2.5,1750,15675,2006,56,683,375
3349 Candlewood St,Lakewood,90712,889000,3,2,1496,6625,1952,48,594,0
3500 Tuller Ave,Los Angeles,90034,1189000,3,2,1490,10367,1952,3,798,0
355 E Califorinia Blvd #1,Pasadena,91106,2069550,3,3.5,1971,8260,2022,13,1050,395
355 E Califorinia Blvd #2,Pasadena,91106,1958250,3,3.5,1865,8260,2022,13,1050,395
3611 Tilden Ave,West Los Angeles,90034,1499000,3,2,1336,4947,1956,9,1122,0
3618 W 144th Pl,Hawthorne,90250,950000,3,2,1408,5305,1951,2,675,0
3625 Somerset Dr,Los Angeles,90016,1699000,3,4.5,2118,6240,1940,5,802,0
3645 Senasac Ave,Long Beach,90808,899000,3,2,1220,4772,1950,3,737,0
3700 Ruthelen St,Los Angeles,90018,635000,3,3,1332,3261,1926,4,477,0
3704 Ruthelen St,Los Angeles,90018,635000,3,3,1224,3346,1927,4,519,0
3721 W 185th St,Torrance,90504,948000,3,1.5,1327,5002,1956,3,714,0
3792 El Sereno,Altadena,91001,1250000,3,1,1142,7035,1947,97,1095,0
3800 E Poppy St,Long Beach,90805,799988,3,2,1786,5627,1957,166,448,0
3818 Karen Ave,Long Beach,90808,849000,3,2,1902,5798,1953,3,446,0
388 Cordova St Ph 3,Pasadena,91101,3250000,3,3.5,2583,0,2020,83,1258,1037
3946 San Rafael Ave,Los Angeles,90065,1499000,3,2,1515,7656,1951,4,989,0
3B,Gardena,90248,740000,3,3.5,1702,0,0,0,435,0
408 W Altadena Dr,Altadena,91001,920000,3,2,1538,6767,1946,19,598,0
4080 Alla Rd,Los Angeles,90066,1749000,3,3,1437,5200,1951,3,1217,0
411 E 214th St,Carson,90745,925000,3,2,1348,4850,1962,18,686,0
4150 Duquesne Ave #104,Culver City,90232,1190000,3,3,1947,6748,1980,5,611,250
421 S La Fayette Park Pl #403,Los Angeles,90057,679000,3,2,1309,43252,1971,4,519,596
422 Crane Blvd,Mount Washington,90065,1549000,3,2.5,2268,4371,2009,1,683,0
4236 Sawtelle Blvd,Culver City,90066,1349995,3,3,1851,0,0,27,729,390
425 N Maple Dr #404,Beverly Hills,90210,3500000,3,4,2314,34978,0,5,1513,2909
425 N Maple Dr #504,Beverly Hills,90210,3800000,3,4,2314,34978,0,5,1642,2909
425 S Curtis Ave,Alhambra,91803,851000,3,2,1248,6912,1937,7,682,0
4269 Barryknoll Dr,Los Angeles,90065,1329900,3,2.5,2035,4807,2005,55,654,0
4444 W 115th St,Hawthorne,90250,899000,3,3,1440,5435,1951,20,624,0
4462 Palo Verde Ave,Lakewood,90713,855000,3,2,1736,5459,1952,62,493,0
448 S Oakland Ave #7,Pasadena,91101,1288000,3,3.5,1852,17612,2004,23,695,497
4506 Spencer St,Torrance,90503,1240000,3,2.5,2525,61765,1984,32,491,325
4515 Canoga Ave,Woodland Hills,91364,825000,3,1.5,1675,7535,1959,4,493,0
453 Alberta St,Altadena,91001,894999,3,1,1488,5758,1925,34,601,0
455 S Hamel Rd,Los Angeles,90048,2699000,3,3.5,2590,6505,1936,18,1042,0
4567 W Avenue 40,Los Angeles,90065,1189000,3,3,1884,6478,1936,10,631,0
4580 W 142nd St,Hawthorne,90250,924000,3,1,1096,5800,1947,60,843,0
4609 Pepperwood Ave,Long Beach,90808,1250000,3,2,2366,7522,1940,157,528,0
4624 W 160th St,Lawndale,90260,734500,3,1,1023,4806,1956,45,718,0
4627 W 153rd St,Lawndale,90260,749000,3,1,1208,4725,1911,140,620,0
4650 Willowcrest Ave,Toluca Lake,91602,1449000,3,2,1858,7833,1941,1,780,0
4670 Brewster Dr,Tarzana,91356,1650000,3,2,2033,19097,1961,1,812,0
4708 Michelle Dr,Torrance,90503,1295000,3,2,1753,6035,1960,3,739,0
4714 W 159th St,Lawndale,90260,700000,3,2,1054,6157,1948,99,664,0
4771 Don Ricardo Dr #18,Los Angeles,90008,950000,3,2.5,1832,14988,1961,84,519,279
4773 W 118th St,Hawthorne,90250,850000,3,2,1778,5125,1939,8,478,0
4823 Shelby Pl,Los Angeles,90041,999999,3,2,1380,4863,1922,1,725,0
4825 Montair Ave,Long Beach,90808,799950,3,2,1442,5875,1950,4,555,0
4836 Nob Hill Dr,Los Angeles,90065,1195000,3,2,1384,4772,1953,4,863,0
4848 Wilshire Blvd #304,Los Angeles,90010,1650000,3,4,2330,40728,2008,83,708,590
4848 Wilshire Blvd Ph 305,Los Angeles,90010,1670000,3,4,2460,40664,2008,25,679,590
4866 Reforma Rd,Woodland Hills,91364,1499999,3,2,1666,11569,1961,2,900,0
4912 Mendota Ave,Los Angeles,90042,1550000,3,3,1794,4802,1924,17,864,0
4912 S Centinela Ave,Los Angeles,90066,1550000,3,3.5,1992,0,2021,1,778,192
4916-1/2 S Centinela Ave,Los Angeles,90066,1650000,3,3.5,2010,0,2021,1,821,192
4932 W 21st St,Los Angeles,90016,979999,3,1,1466,4109,1928,60,668,0
4958 Canoga Ave,Woodland Hills,91364,964000,3,2,1200,6300,1952,3,803,0
4B,Gardena,90248,755000,3,3.5,1795,0,0,0,421,0
5005 Morrison Ct,North Hollywood,91601,1125000,3,3.5,1681,950,2019,1,669,90
5017 Buchanan St,Highland Park,90042,960000,3,2,1076,5401,1911,7,892,0
5126 W 141st St,Hawthorne,90250,1099000,3,2,1950,5800,1951,6,564,0
516 N Citrus Ave,Los Angeles,90036,2500000,3,3,0,5114,1938,2,0,0
5162 W Redondo Ct,Los Angeles,90019,1149000,3,2.5,1762,1174,2018,3,652,186
524 Cluster Ln,Redondo Beach,90278,1199000,3,1,1204,7612,1955,4,996,0
524 N Mansfield Ave,Los Angeles,90036,1849000,3,3,1831,4804,1925,3,1010,0
5243 Eagle Dale Ave #4,Los Angeles,90041,550000,3,2.5,1392,8850,1992,9,395,400
5258 Hermitage Ave #4,Valley Village,91607,1149000,3,3,1665,7586,2022,1,690,385
5310 Raintree Cir #310,Culver City,90230,799000,3,2,1322,296873,1972,12,604,650
5352 Hinton Ave,Woodland Hills,91367,1150000,3,2,1927,10766,1960,4,597,0
5360 Rhea Ave,Tarzana,91356,1099000,3,2,1510,7700,1950,3,728,0
540 N Sweetzer Ave,Los Angeles,90048,2339000,3,3.5,2826,3570,2006,6,828,0
5410 Allan St,Los Angeles,90032,845000,3,2,969,4799,1943,1,872,0
5431 W 119th St,Inglewood,90304,1300000,3,3,1761,7829,1939,21,738,0
5519 W 123rd Pl,Hawthorne,90250,1150000,3,2,1132,5038,1950,5,1016,0
5603 E Peabody St,Long Beach,90808,1100000,3,2,1492,5618,1949,5,737,0
5621 W Murray Ln,Los Angeles,90016,1375000,3,3.5,1926,1875,2021,3,714,125
5631 W Murray Ln,Los Angeles,90016,1575000,3,4.5,2614,2114,2021,73,603,0
5703 Candlewood St,Lakewood,90713,750000,3,1,1122,5761,1951,2,668,0
5722 Coldbrook Ave,Lakewood,90713,852000,3,2,1682,5100,1951,4,507,0
5923 Etiwanda Ave #106,Tarzana,91356,849500,3,3.5,2125,16165,1990,4,400,425
597 N Mar Vista Ave,Pasadena,91106,1915000,3,2,1750,8701,1923,441,1094,0
600 Anderson St,Manhattan Beach,90266,4699000,3,3,2025,7151,1958,81,2320,0
604 N Isabel St,Glendale,91206,1599000,3,5,2263,7012,1921,84,707,0
610 S Oakland Ave,Pasadena,91106,1980000,3,2.5,2224,7631,1883,22,890,0
6115 Melvin Ave,Tarzana,91356,1199000,3,1,1247,21841,1953,3,962,0
6140 E Wardlow Rd,Long Beach,90808,819000,3,2,1344,5146,1950,4,609,0
616 S Los Robles Ave,Pasadena,91106,2170000,3,3.5,2877,10000,1982,13,754,0
6214 N Burton Ave,San Gabriel,91775,828000,3,2,1314,6427,1956,23,630,0
6242 Arbor Rd,Lakewood,90713,850000,3,1,1442,5461,1950,62,589,0
625 W 105th St,Los Angeles,90044,599900,3,3,1144,4830,1923,3,524,0
6330 Primrose Ave,Los Angeles,90068,1699000,3,3,2000,4186,1921,3,850,0
636 Patterson Ave,Glendale,91203,1050000,3,1,1678,6403,1938,25,626,0
6460 Whitaker Ave,Lake Balboa,91406,905000,3,2,1307,5999,1954,1,692,0
6506 Balcom Ave,Reseda,91335,775000,3,1,1123,6041,1950,3,690,0
657 N Kilkea Dr,Los Angeles,90048,2700000,3,3,2545,5764,1925,21,1061,0
671 E Washington Blvd #108,Pasadena,91104,837000,3,2.5,1600,14144,2012,123,523,326
6840 Balboa Blvd #301,Lake Balboa,91406,599000,3,2.5,1279,37152,1979,2,468,375
6902 Tanglewood St,Lakewood,90713,945992,3,2.5,1368,5468,1956,11,692,0
6924 Remmet Ave,Canoga Park,91303,895000,3,2,1527,8008,1957,1,586,0
7008 Encino Ave,Lake Balboa,91406,900000,3,2,1144,8874,1951,1,787,0
704 W California Ave,Glendale,91203,1200000,3,3,2104,5576,1923,27,570,0
709 W 129th St,Gardena,90247,799000,3,2,1428,5375,1958,16,560,0
710 Longfellow Ave,Hermosa Beach,90254,2750000,3,2,1753,4027,1910,5,1569,0
719 E Maple St,Glendale,91205,949000,3,2,1408,4407,1924,350,674,0
724 N Croft Ave #112,Los Angeles,90069,3495000,3,3.5,3036,0,2021,36,1151,877
732 Vernon Ave,Venice,90291,4237000,3,4.5,3591,4802,2014,1,1180,0
735 E 95th St,Los Angeles,90002,574900,3,1,1001,4996,1942,4,574,0
7411 Lemp Ave,North Hollywood,91605,969999,3,2,1410,6629,1956,3,688,0
7424 Miramonte Blvd,Los Angeles,90001,599000,3,3,898,5234,1930,3,667,0
7461 Puerto Rico Dr,La Palma,90623,899900,3,2,1552,5253,1965,5,580,0
7605 Lilly Way,North Hollywood,91605,749995,3,2.5,1559,2923,2016,1,481,152
7619 S Hobart Blvd,Los Angeles,90047,655000,3,2,1420,5205,1925,4,461,0
7631 Reseda Blvd #79,Reseda,91335,425000,3,3,1223,183107,1973,1,348,350
7814 Sunnybrae Ave,Winnetka,91306,780000,3,2,1380,6919,1954,1,565,0
821 N Avenue 50,Los Angeles,90042,1249000,3,2,1600,7161,1936,12,781,0
830 W 64th St,Los Angeles,90044,650000,3,2,1247,4925,1917,2,521,0
845 Winston Ave,San Marino,91108,2195000,3,3,3282,12749,1951,1,669,0
846 W 173rd St,Gardena,90247,755000,3,2,1371,6289,1961,4,551,0
849 S Broadway #603,Los Angeles,90014,3100000,3,2,2240,22844,1930,75,1384,2235
8554 Burnet Ave #126,North Hills,91343,620000,3,2.5,1537,137706,2003,1,403,300
865 N Holliston Ave,Pasadena,91104,1649000,3,3,1875,12197,1922,13,879,0
8750 Ardendale Ave,San Gabriel,91775,1100000,3,1.5,1704,8909,1948,1,646,0
8847 Willis Ave Unit B2,Panorama City,91402,410000,3,2,1227,66025,1979,3,334,311
8921 David Ave,Los Angeles,90034,1699000,3,2,1648,5239,1931,4,1031,0
900 S Visalia Ln,Compton,90220,695000,3,3,1859,3126,1989,5,374,0
9017 Alcott St #303,Los Angeles,90035,995000,3,2.5,1437,8326,1989,4,692,479
9028 Monte Mar Dr,Los Angeles,90035,1999000,3,2,1949,7594,1942,4,1026,59
907 Schumacher Dr,Los Angeles,90048,3299000,3,3,2134,8253,1929,9,1546,0
908 Arlington Ave,Torrance,90501,1490000,3,0,1728,6858,1924,6,862,0
9080 Bloomfield #185,Cypress,90630,97700,3,2,1000,0,1968,45,98,1970
9080 Bloomfield Ave #251,Cypress,90630,120000,3,2,0,0,2001,14,0,0
9080 Bloomfield Ave #293,Cypress,90630,139800,3,2,1440,0,1970,76,97,0
9080 Bloomfield Ave #69,Cypress,90630,129000,3,2,1062,0,1998,37,121,0
923 Crestview Dr,Pasadena,91107,1319000,3,2,1545,7292,1953,6,854,2
9324 Heiner St,Bellflower,90706,709000,3,2,1161,5786,1957,4,611,0
9325 Rose St,Bellflower,90706,950000,3,1,1216,19260,1936,4,781,0
9348 Cedar St,Bellflower,90706,870000,3,2,1368,9992,1933,4,636,0
9509 Sawyer St,Los Angeles,90035,3500000,3,2,2720,8110,1948,7,1287,68
951 Marview Ave,Los Angeles,90012,899900,3,2,1563,4193,1929,1,576,0
9622 Salisbury Ln,Cypress,90630,925000,3,2,1861,6433,1964,10,497,0
9660 Sombra Valley Dr,Sunland,91040,800000,3,2,1662,17620,1962,2,481,0
9735 Rose St,Bellflower,90706,885000,3,2.5,1911,5049,2018,7,463,0
9866 Linden St,Bellflower,90706,699000,3,2,1362,5025,1947,108,513,0
10068 Larwin Ave #2,Chatsworth,91311,629000,4,3,2138,153166,1972,3,294,625
10123 Palm St,Bellflower,90706,845000,4,2,1912,9710,1920,4,442,0
10201 Crestbrook St,Bellflower,90706,949999,4,3,2126,6129,1967,5,447,0
1025 S Burnside Ave,Los Angeles,90019,1995000,4,3,2520,7366,1925,20,792,0
1032 Hauser Blvd,Los Angeles,90019,1990000,4,3,2705,7250,1924,115,736,0
1045 W 209th St,Torrance,90502,850000,4,2,1582,4945,1953,3,537,0
10538 Wellworth Ave,Los Angeles,90024,2250000,4,3,1634,6506,1926,105,1377,0
1057 S Hobart Blvd,Los Angeles,90006,2220000,4,3,2399,6209,1950,3,925,0
10603 Rochester Ave,Los Angeles,90024,2730000,4,3,2267,9494,1926,19,1204,0
107 Palatine Dr,Alhambra,91801,1298000,4,2,1964,6533,1928,1,661,0
1072 Granada Ave,San Marino,91108,2880000,4,4,3282,13741,1927,4,878,0
108 N Edinburgh Ave,Los Angeles,90048,4295000,4,4.5,3504,6608,2020,18,1226,0
10943 Pickford Way,Culver City,90230,1950000,4,3.5,2240,4995,2021,112,871,0
1111 E Elk Ave,Glendale,91205,975000,4,2,1552,3940,1920,138,628,0
11118 Excelsior Dr Unit B,Norwalk,90650,798000,4,4,2120,14059,2008,16,376,115
1117 E Altadena Dr,Altadena,91001,2900000,4,3.5,4008,19404,2004,5,724,0
112 Grandview St,Pasadena,91103,1249900,4,0,1628,5193,1948,104,768,0
11574 Seminole Cir,Porter Ranch,91326,1299000,4,3,3000,9310,1970,1,433,0
11835 Firestone Blvd,Norwalk,90650,1150000,4,0,2548,7251,1957,95,451,0
11958 Eberle,Cerritos,90703,899000,4,2,1358,5499,1971,3,662,0
11975 Sycamore St,Norwalk,90650,725000,4,2,940,4237,1923,62,771,0
1200 Oakwood Dr,San Marino,91108,2690000,4,3.5,3111,16588,1947,7,865,0
12052 208th St,Lakewood,90715,774999,4,2,1568,5796,1952,151,494,0
1212 S Tremaine Ave,Los Angeles,90019,1690000,4,4,3309,7400,1922,95,511,0
12120 S La Cienega Blvd,Hawthorne,90250,1100000,4,4,2647,5264,2005,81,416,0
1227 243rd St,Harbor City,90710,865000,4,3,2330,5609,1965,1,371,0
1243 Beverly Green Dr,Beverly Hills,90212,5695000,4,4,3486,9824,1939,61,1634,0
125 E Adams Blvd,Los Angeles,90011,999000,4,4,3269,7444,1920,3,306,0
12508 Bubbling Creek Ln,Cerritos,90703,1688000,4,3,2056,4330,1975,53,821,70
1259 S Muirfield Rd,Los Angeles,90019,1100000,4,4,2260,4960,1929,3,487,0
1288 S Citrus Ave,Los Angeles,90019,1450000,4,4,4256,6000,1924,13,341,0
1288 West Blvd,Los Angeles,90019,1100000,4,4,2160,7033,1948,6,509,0
13108 Aztec St,Sylmar,91342,875000,4,2.5,2004,7601,1978,18,437,0
1317 Hauser Blvd,Los Angeles,90019,1645000,4,2,2588,4758,1928,7,636,0
1318 E 110 St,Los Angeles,90059,529000,4,4,2137,5663,1928,2,248,0
1320 Blinn Ave,Wilmington,90744,749000,4,3,1600,4301,1924,3,468,0
1328 S Genesee Ave,Los Angeles,90019,2600000,4,3.5,2466,7372,1929,28,1054,0
13437 Reva Cir,Cerritos,90703,965000,4,2,1427,5003,1970,3,676,0
1347 Braeridge Dr,Beverly Hills,90210,3349000,4,4,2773,6429,1964,1,1208,0
13639 Felson St,Cerritos,90703,980000,4,2,1686,5206,1971,4,581,0
13717 Simshaw Ave,Sylmar,91342,799000,4,2,1886,7563,1959,4,424,0
138 N Carson Rd,Beverly Hills,90211,3795000,4,4.5,3993,6501,1990,103,950,0
138 S Bonnie Ave #1,Pasadena,91106,998000,4,3,2050,23155,2005,13,487,413
1403 Lafayette St,San Gabriel,91776,920000,4,3,1444,6848,1940,7,637,0
14035 Zirconia Lane Unit 4,Gardena,90247,779692,4,3.5,1840,0,2022,7,424,283
141 N CHEVY CHASE Dr,Glendale,91206,1499900,4,0,2060,6558,1923,33,728,0
1428 S Norton Ave,Los Angeles,90019,1290000,4,2,2496,5983,1909,6,517,0
1431 Palm Ave,San Gabriel,91776,948000,4,3.5,2010,12621,1999,3,472,180
1446 Las Lunas St,Pasadena,91106,1598000,4,3,3176,9006,1909,3,503,0
14624 Robert St,Bellflower,90706,865000,4,2,1863,5538,1969,18,464,0
1464 Virginia Rd,San Marino,91108,5880000,4,4,4244,21661,1928,122,1385,0
1465 Bellwood Rd,San Marino,91108,2808000,4,4,2533,9086,2016,19,1109,0
15116 Clark Ave,Bellflower,90706,999000,4,0,2662,6012,1954,24,375,0
1521 S Hayworth Ave #102,Los Angeles,90035,1100000,4,4,1730,6880,2010,7,636,456
153 S La Peer Dr,Los Angeles,90048,2495000,4,3,1881,6000,1924,35,1326,0
15338 Cornuta Ave,Bellflower,90706,870000,4,3,2356,6496,1997,93,369,0
1537 Marcelina,Torrance,90501,1195000,4,2,1460,6251,1922,46,818,0
1549 S Ridgeley Dr,Los Angeles,90019,1980000,4,3,2278,4788,1926,50,869,0
15805 Virginia Ave,Bellflower,90706,926000,4,4,2080,4791,1946,1,445,0
16222 S Visalia Ave,Carson,90746,759000,4,2,1700,5463,1964,536,446,0
16316 sylvanwood Ave,Norwalk,90650,769000,4,2,1610,5152,1959,47,478,0
16437 Bryant St,North Hills,91343,1075000,4,2,1659,7744,1963,3,648,0
16606 Delia Ave,Torrance,90504,1200000,4,2,2295,6466,1974,6,523,0
1664 Benedict Canyon Dr,Beverly Hills,90210,2295000,4,3,2862,8299,1941,1,802,0
1670 N Sierra Bonita Ave,Pasadena,91104,1300000,4,1.5,1323,8799,1913,1,983,0
16706 Elmcroft Ave,Cerritos,90703,980000,4,2.5,2080,4124,2021,67,471,0
16762 Calle De Catalina,Pacific Palisades,90272,2499000,4,3.5,3117,143964,1996,1,802,727
1703 S Berendo St,Los Angeles,90006,969000,4,4,2756,4763,1905,3,352,0
1760 Ramiro Rd,San Marino,91108,3300000,4,3.5,3953,11224,1928,11,835,0
1803 Gramercy Ave,Torrance,90501,1695000,4,4,1426,5738,1912,20,1189,0
18145 Gault St,Reseda,91335,805000,4,2,1958,6080,1965,189,411,0
1817 Dewey St,Santa Monica,90405,3650000,4,3.5,3488,7877,2011,7,1046,0
1823 Pullman Ln,Redondo Beach,90278,2495000,4,3,1900,4999,1962,17,1313,0
1856 W 43rd St,Los Angeles,90062,1099000,4,2,1442,5626,1916,2,762,0
18739 Rochelle Ave,Cerritos,90703,1599990,4,3,1965,6497,1977,31,814,0
188 S Sierra Madre Blvd #5,Pasadena,91107,1880000,4,4.5,3405,32623,2018,9,552,451
1908 Boca Ave,Los Angeles,90032,1249000,4,3,1917,4800,1961,4,652,0
19103 Galway Ave,Carson,90746,820000,4,2,1400,6120,1960,28,586,0
1935 Sherwood Rd,San Marino,91108,3280000,4,3.5,3550,12279,2001,3,924,0
1949 S Bedford St,Los Angeles,90034,1600000,4,3,1795,6303,1948,49,891,0
1950 Las Lunas St,Pasadena,91107,1650000,4,3,2438,7503,1923,30,677,0
1950 Westholme Ave,Los Angeles,90025,1795000,4,3,1958,7122,1935,4,917,0
19825 Stagg St,Winnetka,91306,950000,4,3,2265,7875,1981,4,419,0
19915 Ray Cir,Cerritos,90703,1060000,4,2.5,2431,7051,1967,119,436,0
200 S Almont Dr,Beverly Hills,90211,4995000,4,5,3615,5913,1988,19,1382,0
2001 N Salinas Ave N,Los Angeles,90059,604000,4,2,1350,5054,1944,3,447,0
2002 8th Ave,Los Angeles,90018,999000,4,4,3152,7500,1912,40,317,0
20102 Avenida Barcelona,Cerritos,90703,1175000,4,3,2385,6567,1974,127,493,0
2016 Veteran Ave,Los Angeles,90025,2325000,4,2.5,2048,6750,1923,3,1135,0
2104 Harkness St,Manhattan Beach,90266,2695000,4,3,3200,5404,1990,6,842,0
2117 Border Ave,Torrance,90501,1300000,4,3,2210,6900,1946,1,588,0
2119 Curtis Ave Unit A,Redondo Beach,90278,1449000,4,2.5,2380,7487,1990,6,609,0
21243 Mulholland Dr,Woodland Hills,91364,2290000,4,3.5,3506,0,1930,1,653,0
216 Westmont Dr,Alhambra,91801,898000,4,3,1975,9399,1927,4,455,0
2186 Melville Dr,San Marino,91108,2750000,4,3.5,2916,11725,1934,7,943,0
22148 Jennifer Way,West Hills,91304,819000,4,3,2233,97257,2001,2,367,211
2282 Canyonback Rd,Los Angeles,90049,2895000,4,4.5,4558,237795,1986,2,635,1957
2285 Huntley Cir,San Marino,91108,2987000,4,3.5,3677,16900,1948,24,812,0
2301 Walnut Ave,Manhattan Beach,90266,3850000,4,3,3583,4480,1990,1,1075,0
2305 S Burnside Ave,Los Angeles,90016,1295000,4,3,1937,5789,1924,19,669,0
24015 Gilmore St,West Hills,91307,1050000,4,2,2011,7863,1960,4,522,0
2404 PROSPECT Ave,Hermosa Beach,90254,1995000,4,4,2064,3337,1973,37,967,0
2410 Loma Vista St,Pasadena,91104,1999500,4,3,2616,9551,1937,48,764,0
2415 Langdale Ave,Los Angeles,90041,1138888,4,3,1756,7013,1921,74,649,0
2454 Ridgeway Rd,San Marino,91108,2850000,4,3,2898,7746,1930,32,983,0
2510 W 144th St,Gardena,90249,975000,4,2,1592,6208,1952,31,612,0
2618 Graham Ave,Redondo Beach,90278,1550000,4,3,1909,7501,1957,125,812,0
2620 Huntington Ln,Redondo Beach,90278,1300000,4,4,2050,7415,2008,5,634,190
28104 Pontevedra Dr,Rancho Palos Verdes,90275,1295000,4,2,1864,10000,1959,3,695,0
2830 Canterbury Rd,San Marino,91108,3369000,4,4.5,3757,11970,1948,157,897,0
2836 Angelo Dr,Los Angeles,90077,1700000,4,2.5,2914,1244628,1969,2,583,385
2848 S West View St,Los Angeles,90016,1299000,4,4.5,2976,5201,1922,3,436,0
2951 Mandeville Canyon Rd,Los Angeles,90049,3900000,4,3,2564,14041,1960,3,1521,0
3034 Edgehill Dr #3036,Los Angeles,90018,1199000,4,2,2592,8006,1925,6,463,0
308 S Arroyo Dr Unit F,San Gabriel,91776,888000,4,4,1700,38326,2017,37,522,275
3101 Via Maderas St,Altadena,91001,1598000,4,3,2972,8881,1966,101,538,0
317 S Oakhurst Dr,Beverly Hills,90212,3995000,4,4.5,3573,6070,1933,4,1118,0
320 E Saxon Ave,San Gabriel,91776,1199800,4,3,2073,12183,1925,3,579,0
3209 W 71st St,Los Angeles,90043,749900,4,1.5,1567,4810,1929,19,479,0
321 N Martel Ave,Los Angeles,90036,2750000,4,2.5,3554,7000,1928,27,774,0
327 N La Peer Dr,Beverly Hills,90211,3495000,4,4,2584,5698,1927,4,1353,0
328 S Peck Dr,Beverly Hills,90212,3695000,4,3,2982,7653,1929,4,1239,0
3301 S Beverly Dr,Los Angeles,90034,1673000,4,0,2232,4001,1952,6,750,0
3326 Whiteside St,Los Angeles,90063,700000,4,3,1550,5933,1925,1,452,0
336 N Stanley Ave,Los Angeles,90036,2200000,4,4,4408,6501,1927,4,499,0
3400 Julian Ave,Long Beach,90808,1279000,4,3,2230,5900,1962,86,574,0
3403 Earle Ave,Rosemead,91770,860000,4,2,1612,6025,1942,1,533,0
3411 N Los Coyotes Diagonal,Long Beach,90808,899900,4,3,1386,5894,1950,25,649,0
3415 Andrita St,Los Angeles,90065,899500,4,2.5,1710,16618,2005,13,526,265
3456 N El Dorado Dr,Long Beach,90808,1250000,4,3,2129,5633,1964,3,587,0
3468 Rosewood Ave,Los Angeles,90066,2995000,4,3.5,2682,4902,2014,5,1117,0
3500 Griffith Park,Los Angeles,90027,2150000,4,3,2823,7066,1930,4,762,0
3508 E Hedda St,Long Beach,90805,799000,4,3,1499,8661,1950,2,533,0
3535 Perlita Ave,Los Angeles,90039,1395000,4,3,2360,6752,1993,3,591,0
3551 Glenridge Dr,Sherman Oaks,91423,4295000,4,6,5307,18498,1982,1,809,0
3600 Sara Dr,Torrance,90503,1499000,4,2,2108,6070,1964,21,711,0
3606 Mandeville Canyon Rd,Los Angeles,90049,2995000,4,5,3700,8782,1956,4,809,0
3639 E California Blvd,Pasadena,91107,3495000,4,5.5,4909,27000,1941,0,712,0
3653 Chariette Ave,Rosemead,91770,749000,4,1,1351,6096,1941,7,554,0
3714 Glendon Ave,Los Angeles,90034,1950000,4,3,2184,5434,1949,38,893,0
3728 S Barrington Ave,Los Angeles,90066,3699000,4,4.5,3799,8588,2013,31,974,0
373 S Crescent Heights Blvd,Los Angeles,90048,1785000,4,3.5,3212,2811,1929,17,556,0
38 S 5th St Unit C,Alhambra,91801,799800,4,3.5,1760,0,2012,12,454,225
3821 Crestview Rd,Culver City,90232,1998000,4,3,2026,7479,1959,1,986,0
3840 S Dunsmuir Ave,Los Angeles,90008,1299990,4,2,1804,8875,1947,8,721,0
3929 Bentley Ave,Culver City,90232,1710000,4,2.5,2466,5003,1947,5,693,0
400 Vance St,Pacific Palisades,90272,6995000,4,4,2734,26631,1948,4,2559,0
4062 Mantova Dr,Los Angeles,90008,3350000,4,4,2672,17666,1956,4,1254,0
4133 Tilden Ave,Culver City,90232,2850000,4,3,1992,9600,1960,71,1431,0
4145 Elenda St,Culver City,90232,1450000,4,4,2500,5866,1949,10,580,0
417 Norwich Dr,West Hollywood,90048,6475000,4,4.5,4072,7985,2017,34,1590,0
422 S Sycamore,Los Angeles,90036,1999000,4,3,1769,6502,1924,47,1130,0
4221 Beethoven St,Los Angeles,90066,1450000,4,3,2175,4560,1949,4,667,0
425 N Maple Dr #202,Beverly Hills,90210,2695000,4,5,2477,34978,1990,19,1088,2943
4302 City Terrace Dr,Los Angeles,90063,998000,4,4,2392,7568,1956,3,417,0
4325 Andy St,Lakewood,90712,1000000,4,2,1536,6383,1944,15,651,0
440 W Elk Ave,Glendale,91204,1349999,4,3,1630,6247,1921,166,828,0
441 W Lexington Dr,Glendale,91203,1539000,4,4,3614,7316,1925,82,426,0
4424 Alumni Ave,Los Angeles,90041,780000,4,2,1508,2521,1921,384,517,0
4454 Stillwell Ave,Los Angeles,90032,829000,4,2,1634,5727,1926,80,507,0
4706 W 118th St,Hawthorne,90250,900000,4,3,1892,5032,1947,18,476,0
4717 Wilshire Blvd,Los Angeles,90010,1699000,4,3.5,2293,1900,2017,18,741,0
4720-4722 6th Ave,Los Angeles,90043,770000,4,0,2239,6779,1923,1,344,0
4733 St Charles Pl,Los Angeles,90019,998900,4,3,1723,2450,1923,5,580,0
4749 Montair Ave,Long Beach,90808,1050000,4,3,2533,5286,1950,67,415,0
47-51 El Nido Ave,Pasadena,91107,1225000,4,4,2814,8024,1926,175,435,0
4838 Bellflower,Lakewood,90713,725000,4,2,1752,5002,1950,6,414,0
5008 Strohm Ave,Toluca Lake,91601,2400000,4,4.5,3587,8101,2017,6,669,0
507 N Stanley Ave,West Hollywood,90036,1899950,4,4.5,2604,6354,2022,110,730,0
516 E Hermosa Dr,San Gabriel,91775,2250000,4,3,3404,27131,1937,292,661,0
5171 La Luna Dr,La Palma,90623,1100000,4,2.5,2540,4896,1965,5,433,0
521 La Paz Dr,Pasadena,91107,2998000,4,5,3185,8228,2018,14,941,0
523 Lincoln Ave,Pasadena,91103,1500000,4,3,1979,9584,1924,84,758,0
5275 El Mirador Dr,Los Angeles,90008,3395000,4,3.5,2800,12197,1956,7,1213,0
541 Westbourne Dr,West Hollywood,90048,2995000,4,3.5,2736,6164,1926,13,1095,0
5506 Colbath Ave,Sherman Oaks,91401,1585000,4,3,2760,7261,1951,4,574,0
5533 Premiere Ave,Lakewood,90712,868800,4,2,1655,5301,1950,7,525,0
555 Winston Ave,San Marino,91108,3998000,4,5,3817,14211,2019,1,1047,0
5655 Bowcroft St,Los Angeles,90016,1745000,4,4,2122,6198,1950,6,822,7
5740 Ostrom Ave,Encino,91316,1199900,4,2,1469,5999,1955,3,817,0
609 S Electric Ave,Alhambra,91803,1258000,4,4,3198,7498,1991,7,393,0
609 S Highland Ave,Los Angeles,90036,2500000,4,3,2508,8100,1926,109,997,0
6114 Wall St,Los Angeles,90003,749988,4,4,2652,5117,1922,1,283,0
6157 Reno Ave,Temple City,91780,2480000,4,4.5,3042,7900,2021,33,815,0
6189 Fremont Way,Buena Park,90620,899900,4,2,1900,6240,1962,9,474,0
625 S Fremont Ave,Alhambra,91803,899000,4,3,2160,5750,1956,25,416,0
6300 Sheridan Way,Buena Park,90620,850000,4,2,1497,6900,1963,3,568,0
638 E 137th St,Los Angeles,90059,900000,4,2,3465,5000,1944,1,260,0
645 Milo Ter,Highland Park,90042,1829000,4,3,3200,4871,1925,3,572,0
6517 Pacific Ave,Playa Del Rey,90293,2275000,4,3,2296,1858,1969,3,991,0
6531 Maryland Dr,Los Angeles,90048,2795000,4,3,2788,6104,1937,84,1003,0
6672 Cardale St,Lakewood,90713,799000,4,2,1503,6130,1962,3,532,0
6817 Sultana Ave,San Gabriel,91775,1180000,4,3,1999,11775,1941,6,590,0
70 N Craig Ave,Pasadena,91107,1429000,4,4,2204,8503,1931,136,648,0
700 Alabama St,San Gabriel,91775,1760000,4,4,3180,9017,1947,152,553,0
714 Plymouth Rd,San Marino,91108,2488000,4,3,2975,7667,1928,21,836,0
7262 Monterey Ln,La Palma,90623,955000,4,2.5,1785,4784,1969,15,535,0
7461 Colombia Dr,Buena Park,90620,899000,4,2,1640,6154,1957,10,548,0
750 S Euclid Ave S,Pasadena,91106,1900000,4,2,1632,10736,1921,0,1164,0
755 E 91st St,Los Angeles,90002,760000,4,0,2175,4763,1960,1,349,0
7841 E Ritchie Ave,Long Beach,90808,1184999,4,2,2032,5492,1963,35,583,0
7928 W 79th St,Playa del Rey,90293,2200000,4,4,2752,5001,1962,1,799,0
806-808 W sepulveda St,San Pedro,90731,879000,4,4,2160,5967,1958,2,407,0
825 Cambridge Ct,Pasadena,91107,2190000,4,4.5,3448,7076,2009,33,635,140
826 Los Olivos Dr,San Gabriel,91775,1150000,4,2.5,2062,5124,1965,20,558,0
827 Dickson St,Marina Del Rey,90292,2195000,4,4.5,3230,4501,1956,3,680,0
833 S Detroit St,Los Angeles,90036,1725000,4,4,2784,6724,1924,25,620,0
833 W Santa Anita Ave,San Gabriel,91776,900000,4,2,1248,7603,1924,220,721,0
8386 Denise Ln,West Hills,91304,899000,4,2.5,2314,6803,1969,3,389,220
8390 E Woodson St,Long Beach,90808,799900,4,2,1492,4875,1962,17,536,0
843 San Marino Ave,San Marino,91108,5688000,4,4,4686,28991,1953,119,1214,0
8452 Melvin Ave,Northridge,91324,1299900,4,4,2200,21060,1948,3,591,0
8720 Ashcroft Ave,West Hollywood,90048,2495000,4,2,2244,5206,1927,40,1112,0
9080 BLOOMFIELD #194,Cypress,90630,125000,4,2,1536,0,1975,28,81,0
9080 Bloomfield Ave #74,Cypress,90630,147000,4,2,1440,0,1972,89,102,0
912 Superba Ave,Venice,90291,2299000,4,2,1720,3600,1925,2,1337,0
9131 Ramona St,Bellflower,90706,899900,4,3,2437,5038,1986,31,369,0
9235 Oak St,Bellflower,90706,869990,4,4,1266,5594,1939,128,687,0
932 Superba Ave,Venice,90291,2600000,4,3,2176,3600,1924,2,1195,0
936 S Lucerne Blvd,Los Angeles,90019,1350000,4,4,1876,6011,1922,90,720,0
9368 Danbury St,Cypress,90630,995000,4,2.5,1668,5700,1965,2,597,0
940 Rose Ave,Venice,90291,2850000,4,3.5,3085,6250,1961,24,924,0
946 W 6th St,San Pedro,90731,899900,4,2.5,1862,3380,1976,4,483,0
9664 Nevada Ave,Chatsworth,91311,949000,4,3,1975,8132,1966,2,481,0
9733 Rose St,Bellflower,90706,900000,4,3,1943,5043,2018,10,463,0
9945 Montgomery Ave,Granada Hills,91343,825000,4,3,1669,7687,1953,3,494,0
995 E Elizabeth St,Pasadena,91104,1399000,4,2,2174,13107,1921,5,644,0
1041 N Marengo Ave,Pasadena,91103,1798888,5,3,2523,13125,1910,28,713,0
1125 E Mariposa St,Altadena,91001,1899000,5,2,2744,17217,1917,6,692,0
1130 Virginia Rd,San Marino,91108,11495000,5,6.5,6361,35729,1927,144,1807,0
1175 S Oakland Ave,Pasadena,91106,3000000,5,3,3012,13289,1922,39,996,0
11866 Ricasoli Way,Porter Ranch,91326,1950000,5,6,3975,6968,2015,1,491,391
11933 Ricasoli Way,Porter Ranch,91326,2195000,5,5.5,3975,8956,2015,3,552,375
1201 Loma Vista Dr,Beverly Hills,90210,10600000,5,6,0,22202,1961,4,0,0
1210 S Cochran Ave,Los Angeles,90019,2195000,5,3,3223,6213,1942,69,681,0
1239 S Sycamore Ave,Los Angeles,90019,2599999,5,4,3330,6214,1925,63,781,0
1272 Roanoke Rd,San Marino,91108,3580000,5,4,4015,12371,1927,159,892,0
128 S Wetherly Dr,Beverly Hills,90211,6395000,5,6,5401,5852,2021,28,1184,0
12967 Moorshire Dr S,Cerritos,90703,1899900,5,3,3049,8594,1977,12,623,240
13020 Evelina St,Sylmar,91342,999998,5,3,2879,5630,2020,3,347,0
1348 Westhaven Rd,San Marino,91108,4388000,5,4.5,4580,14565,1935,180,958,0
13646 1/2 Dronfield Ave,Sylmar,91342,729500,5,3,2289,108771,1996,3,319,150
13806 S Vermont Ave,Gardena,90247,799999,5,3,2335,9000,1948,464,343,0
1415 Meadowbrook,Los Angeles,90019,1999999,5,5,2800,6343,2007,26,714,0
1440 Bresee Ave,Pasadena,91104,1200000,5,2,1668,7506,1924,16,719,0
1440 Lorain Rd,San Marino,91108,3348000,5,4.5,3652,14009,1925,14,917,0
1501 Tower Grv,Beverly Hills,90210,37500000,5,8,5797,266254,1946,3,6469,0
15901 Royal Oak Rd,Encino,91436,5875000,5,4.5,4403,45440,1964,4,1334,0
1612 S Durango Ave,Los Angeles,90035,3795000,5,5.5,4108,6946,1927,17,924,0
1654 Waterloo St,Los Angeles,90026,3500000,5,4.5,3215,7991,2015,4,1089,0
16619 S Denver Ave S,Gardena,90248,1200000,5,4.5,3048,5046,1965,66,394,0
1692 University Dr,Pasadena,91104,1100000,5,3,1687,9327,1924,1,652,0
1693 Atchison St,Altadena,91104,1188888,5,3,2100,5978,1930,89,566,0
1726 Ensley Ave,Los Angeles,90024,2895000,5,4,0,6500,1924,13,0,0
1771 Sunset Ave,Santa Monica,90405,4994000,5,6,4900,5870,2021,28,1019,0
181 S Virgil Ave,Los Angeles,90004,1500000,5,3,2306,5820,1907,3,650,0
1812 S Longwood Ave,Los Angeles,90019,1100000,5,4,2480,6979,1915,20,444,0
18316 W Sage Ln,Tarzana,91356,1999000,5,6,4015,7636,2017,2,498,0
18909 Godinho Ave,Cerritos,90703,2400000,5,5.5,3655,5825,1970,255,657,0
20011 Wells Dr,Woodland Hills,91364,3995000,5,5.5,4842,12000,2022,3,825,0
201 E park St,Alhambra,91801,1399000,5,3,2057,7501,1923,37,680,0
2012 S Curson Ave,Los Angeles,90016,3300000,5,6,4283,5750,1910,21,770,0
2015 Courtland Ave,San Marino,91108,4398000,5,5.5,5874,22681,1948,37,749,0
20430 Via Urbino,Porter Ranch,91326,2149000,5,4,4117,27786,2012,3,522,322
2045 S Burnside Ave,Los Angeles,90016,1095000,5,3,2335,5774,1947,13,469,0
20605 Mansel Ave,Torrance,90503,1675000,5,3,2714,6291,1960,4,617,0
2101 Warfield Ave,Redondo Beach,90278,1650000,5,4,2530,3398,1940,17,652,0
2106 W 84th St,Los Angeles,90047,979000,5,4,2546,5728,1929,11,385,0
2115 Homet Rd,San Marino,91108,2899000,5,3,3100,9100,1929,6,935,0
2126 Norwalk Ave,Los Angeles,90041,1290000,5,3,1512,6189,1922,11,853,0
2157 Homet,San Marino,91108,2888888,5,5,3559,8705,1928,20,812,0
221 Lake Shr,Los Angeles,90026,975000,5,3,1810,4773,1924,16,539,0
22209 Denker Ave,Torrance,90501,1590000,5,4,2400,7200,2020,84,663,0
2262 Lake View Ave,Los Angeles,90039,1750000,5,4,2701,4929,1926,18,648,0
2285 S Oak Knoll Ave S,San Marino,91108,7800000,5,6,5972,29058,2016,10,1306,0
235 N Dianthus St,Manhattan Beach,90266,8000000,5,4.5,5152,6501,1985,4,1553,0
242 S Bedford Dr,Beverly Hills,90212,4795000,5,5.5,3753,7651,1929,5,1278,0
2520 Monterey Rd,San Marino,91108,2380000,5,4,2914,6835,1962,23,817,0
2529 Hauser Blvd,Los Angeles,90016,1300000,5,5,2735,5672,1940,49,475,0
2568 Park Oak Dr,Los Angeles,90068,7895000,5,7,6434,38721,1993,4,1227,0
283 Lola Ave,Pasadena,91107,1149000,5,2,1817,7501,1923,7,632,0
2866 Edgehill Dr,Los Angeles,90018,1295000,5,5,2884,7880,1924,11,449,0
311 S San Marino Ave,San Gabriel,91776,1620000,5,5.5,5564,5248,1913,14,291,0
3151 E California Blvd,Pasadena,91107,4390000,5,7,7313,32709,2010,48,600,0
3217 W 139th St,Hawthorne,90250,890000,5,2,1766,6401,1948,84,504,0
3314 Club Dr,Los Angeles,90064,3995000,5,3,2891,13543,1940,24,1382,0
3345 E Green,Pasadena,91107,1799900,5,3,2923,7851,2007,1,616,0
3490 St Susan Pl,Los Angeles,90066,3250000,5,4,3694,8365,1969,26,880,0
355 E 181st St,Carson,90746,850000,5,2,1706,5194,1953,32,498,0
3922 W 28th St,Los Angeles,90018,1100000,5,6,2416,5395,1922,63,455,0
3992 Dwiggins St,Los Angeles,90063,1095888,5,3,2450,4558,2021,3,447,0
4147 W 162nd St,Lawndale,90260,825000,5,4,1977,5330,1954,72,417,0
4222 W 168th St,Lawndale,90260,995000,5,2,1982,7313,1944,171,502,0
4293 Jasmine Ave,Culver City,90232,4350000,5,6.5,4288,5772,2022,14,1014,0
4331 Kenyon Ave,Los Angeles,90066,3349000,5,5.5,3573,6608,2017,3,937,0
4365 Kraft Ave,Studio City,91604,4750000,5,5.5,6027,6749,2022,2,788,0
4516 St Charles Pl,Los Angeles,90019,1280000,5,3,3097,7013,1921,112,413,0
4614 Westdale Ave,Los Angeles,90041,1299999,5,4,2328,7416,1924,2,558,0
5021 Harmony Ln,Cypress,90630,1799000,5,4.5,3867,6840,2014,135,465,136
507 N Gardner St,Los Angeles,90036,3795000,5,5.5,4028,6480,2015,1,942,0
523 S Wilton Pl,Los Angeles,90020,1385000,5,4,3504,8550,1913,1,395,0
5243 Sumner Ave,Eagle Rock,90041,1599000,5,4,2522,6573,1924,26,634,0
542 N Vista St,Los Angeles,90036,4750000,5,6.5,5174,7006,2021,75,918,0
5822 N Vista St,San Gabriel,91775,1428000,5,3,2146,11603,1956,90,665,0
6019 N Walnut Grove Ave,San Gabriel,91775,1850000,5,5,3690,7574,1999,82,501,0
619 N Oakland Ave,Pasadena,91101,1100000,5,2.5,2881,11416,1905,95,382,0
621 N Huntington Ave,Monterey Park,91754,1400000,5,5,2539,5235,2004,19,551,0
6216 Ranchito Ave,Valley Glen,91401,1895000,5,4.5,3594,10725,2007,3,527,0
654 W Acacia Ave,El Segundo,90245,2129000,5,3,2953,6025,1987,4,721,0
675 Elliott Dr,Pasadena,91106,5799000,5,6.5,4140,10750,2019,24,1401,0
7116 Briarstone Ln,West Hills,91307,1469000,5,4,3089,7569,1985,2,476,125
825 E Claude St,Carson,90746,770000,5,3,2365,4886,1963,5,326,0
8443 Clinton St,West Hollywood,90048,2395000,5,5,2615,3503,1941,32,916,0
8601 San Romolo Way,Buena Park,90620,1100000,5,3,2164,6000,1959,17,508,0
868 9th St,Manhattan Beach,90266,8300000,5,5.5,5526,5795,2021,248,1502,0
870 W 18th St,San Pedro,90731,989000,5,5,2720,5012,1931,1,364,0
905 Irolo St,Los Angeles,90006,2400000,5,2,2428,8089,1908,1,988,0
907 Dexter St,Los Angeles,90042,900000,5,4,1989,7482,1924,152,452,0
947 S Sycamore Ave,Los Angeles,90036,1595000,5,5,3288,6457,1926,87,485,0
9628 Claire Ave,Northridge,91324,1350000,5,3,2557,17501,1959,3,528,0
1013 E Elk Ave,Glendale,91205,3950000,6,11,5313,10572,1949,399,743,0
10607 Wellworth Ave,Los Angeles,90024,5499000,6,6.5,5000,6088,2022,7,1100,0
109 N Marguerita Ave,Alhambra,91801,1998000,6,6,3183,5996,1959,66,628,0
1106 S Cochran Ave,Los Angeles,90019,2000000,6,4,4542,6898,1936,18,440,0
1122-1124 S Rimpau Blvd,Los Angeles,90019,2049000,6,4,3326,7500,1950,4,616,0
1133 Keniston Ave,Los Angeles,90019,1400000,6,2,2089,7000,1923,4,670,0
11419 Cumpston St,Valley Village,91601,2100000,6,1,2880,5744,1955,3,729,0
115 E Linda Vista Ave,Alhambra,91801,1299500,6,2.5,3072,7966,1926,10,423,0
11742 209th St,Lakewood,90715,1249999,6,3,2760,5762,1980,156,453,0
1200 Hillcrest Ave,Pasadena,91106,5980000,6,6,6078,25656,1989,222,984,0
12062 Excelsior Dr,Norwalk,90650,948888,6,3,2405,6037,1949,151,395,0
1240 Morningside Way,Venice,90291,6499000,6,6,5964,10862,2016,82,1090,0
1260 Shenandoah Rd,San Marino,91108,11880000,6,8.5,9120,52084,1926,205,1303,0
1318 E 59th Pl,Los Angeles,90001,850000,6,4,2415,5690,1956,3,352,0
134 S Detroit St,Los Angeles,90036,2750000,6,4,4404,6423,1935,6,624,0
1470 Virginia Rd,San Marino,91108,16998000,6,7.5,8183,50119,2021,186,2077,0
14924 Clark Ave,Bellflower,90706,1400000,6,0,3278,5532,1972,12,427,0
1550 Homewood Dr,Altadena,91001,1550000,6,0,4800,25321,2022,285,323,0
1565 Lombardy Rd,Pasadena,91106,21500000,6,8,7903,72302,1923,157,2720,0
158 N Bonnie Ave,Pasadena,91106,1250000,6,4,2882,8391,1915,21,434,0
1611 W 218th St,Torrance,90501,1360000,6,3,2898,10804,1938,28,469,0
162 E Claremont St,Pasadena,91103,1300000,6,3,2706,4681,1888,13,480,0
180 S Vista St,Los Angeles,90036,2500000,6,5,4309,7005,1930,15,580,0
18101 Green Meadow Dr,Encino,91316,2895000,6,5,5750,17507,1974,2,503,125
1938 Fairburn Ave,Los Angeles,90025,5700000,6,5.5,5700,6663,2021,5,1000,0
213 S Gale Dr,Beverly Hills,90211,3500000,6,6,3785,6501,1939,102,925,0
2223 Clyde Ave,Los Angeles,90016,1199000,6,5,3138,6337,1939,11,382,0
2333 Hauser Blvd,Los Angeles,90016,2025000,6,4.5,4200,6078,1963,42,482,0
2408 Castle Heights Ave,Los Angeles,90034,5795000,6,6.5,5800,10200,2021,42,999,66
2455 Lake View Ave,Silver Lake,90039,1795000,6,5,2816,5164,1981,7,637,0
256 S Rexford Dr,Beverly Hills,90212,2950000,6,4,3971,6070,1932,17,743,0
2592 Armacost Ave,Los Angeles,90064,2275000,6,5,3832,5419,1950,41,594,0
2642 Queen St,Los Angeles,90039,1169000,6,6,2440,6007,1923,100,479,0
28 W Montana St,Pasadena,91103,1250000,6,3,1880,7892,1963,104,665,0
3045 Larga Ave,Los Angeles,90039,3190000,6,1,19915,19915,1926,312,160,0
3110 Military Ave,Los Angeles,90034,3395000,6,5,3300,6440,1952,4,1029,0
3117 S Beverly Dr,Los Angeles,90034,2795000,6,4,2494,4999,1930,2,1121,0
3125 Pearl St,Santa Monica,90405,4350000,6,5.5,4367,5233,1941,12,996,0
3371 Perlita Ave,Los Angeles,90039,1284000,6,3,2324,6752,1923,5,552,0
3511 W 21st St,Los Angeles,90018,1879000,6,3.5,3186,7490,1909,45,590,0
357 N Formosa Ave,Los Angeles,90036,4750000,6,6,5000,7699,1928,13,950,0
361 W Palmer Ave,Glendale,91204,1999000,6,5,2485,6999,1950,7,804,0
369 S Elm Dr,Beverly Hills,90212,3300000,6,4,4831,6469,1935,70,683,0
3819 Sawtelle Blvd,Culver City,90066,1975000,6,5,3553,5027,1954,115,556,0
422 Smithwood Dr,Beverly Hills,90212,6250000,6,7.5,4771,6077,1937,31,1310,0
4329 W 159th St,Lawndale,90260,850000,6,0,1962,5201,1926,13,433,0
442 N Ogden Dr,Los Angeles,90036,1860000,6,5,2688,6375,1926,27,692,0
4611 W 18th St,Los Angeles,90019,1500000,6,3,2572,6996,1954,21,583,0
4620 E Harvey Way,Long Beach,90808,1800000,6,5,4760,16816,1935,10,378,0
489 S Willaman Dr,Los Angeles,90048,3975000,6,6.5,4351,5267,2021,17,914,0
5064 Louise Ave,Encino,91316,3980000,6,4.5,4540,17500,1972,2,877,0
5386 Camp St,Cypress,90630,1825000,6,2,3552,13475,1946,28,514,0
5416 Thornburn St,Los Angeles,90045,1605000,6,4,3332,9248,1949,1,482,0
61 N Parkwood Ave,Pasadena,91107,1490000,6,4,2349,8441,1920,13,634,0
611 Ocean Park Blvd,Santa Monica,90405,3300000,6,6,4694,6121,1922,63,703,0
618 Pacific St,Santa Monica,90405,3000000,6,6,3430,5634,1965,7,875,0
6253 W Olympic Blvd,Los Angeles,90048,1900000,6,2,3743,5871,1936,66,508,0
8021 Blackburn Ave #2,Los Angeles,90048,2450000,6,4,3892,5878,1937,27,629,0
8340 Mission Dr,Rosemead,91770,2160000,6,5,3500,8449,2016,138,617,0
83408342 Mission Dr,Rosemead,91770,2160000,6,3,3500,8449,2016,130,617,0
8555 Hollywood Blvd,Los Angeles,90069,7199000,6,6,4706,15405,1961,4,1530,0
927 Camulos St,Los Angeles,90023,1175000,6,4,2478,5593,1913,2,474,0
0,Los Angeles,90043,850000,6,5,2832,7586,1962,3,300,0
1056 S Serrano Ave,Los Angeles,90006,2225000,7,7,4049,6209,1937,3,550,0
1140 5th Ave,Los Angeles,90019,1599000,7,4,3770,8100,1920,1,424,0
1428 S Crescent Heights Blvd,Los Angeles,90035,2225000,7,7,4648,7501,1949,10,479,0
1509 Aviation Blvd,Redondo Beach,90278,3850000,7,7,5900,11300,1952,159,653,0
1601 N Vista St,Los Angeles,90046,1980000,7,6,2000,6647,1921,3,990,0
1645 Orlando Rd,Pasadena,91106,11250000,7,8.5,8822,33070,2020,19,1275,0
2 Oak Knoll Ter,Pasadena,91106,45000000,7,15.5,32500,106900,1916,13,1385,167
201 S Arnaz Dr,Beverly Hills,90211,3500000,7,6,4782,6324,1925,4,732,0
2025 Addison Way,Los Angeles,90041,2800000,7,6,4422,12034,1928,7,633,0
2320 Carnegie Ln,Redondo Beach,90278,2422000,7,3,2849,7502,1952,4,850,0
234 S Avenue 56,Highland Park,90042,1599000,7,7,3120,6217,2021,3,513,0
2789 Mcconnell Dr,Los Angeles,90064,9800000,7,6.5,6656,23404,0,17,1472,0
3349-- 3351 W 135th St,Hawthorne,90250,1200000,7,4,2478,5600,1940,6,484,0
3817 Revere Ave,Los Angeles,90039,1289000,7,3,2828,5400,1922,14,456,0
4419 W 111th St,Inglewood,90304,800000,7,4,1310,4553,1931,254,611,0
460 E Sacramento St,Altadena,91001,2550000,7,7,6931,18401,2017,89,368,0
619 S June St,Los Angeles,90005,11900000,7,9.5,11059,30653,1928,82,1076,0
8494 Cole Crest Dr,Los Angeles,90046,5500000,7,6,4080,59851,1938,3,1348,0
850 N Marengo Ave,Pasadena,91103,2500000,7,7,4809,9307,1958,62,520,0
8802 La Salle St,Cypress,90630,1599000,7,4,3789,10019,1980,219,422,0
8812 Rangely Ave,West Hollywood,90048,3595000,7,4,4334,4934,1929,7,829,0
9116 Ralph St,Rosemead,91770,1999998,7,5.5,3680,8678,2000,29,543,0
917 Loma Vista Dr,Beverly Hills,90210,25999000,7,13,11360,87142,1974,1,2289,0
10004 Foster Rd,Bellflower,90706,1350000,8,4,3506,6071,1956,9,385,0
1008 Myra Ave,Los Angeles,90029,5400000,8,7,4402,16785,1909,1,1227,0
1014 Myra Ave,Los Angeles,90029,5400000,8,7,4402,16785,1909,1,1227,0
1111 S Cochran Ave,Los Angeles,90019,3050000,8,6,4960,6583,1953,42,615,0
1207 S Catalina St,Los Angeles,90006,2250000,8,6,3911,5912,1962,1,575,0
1226 Crenshaw Blvd,Los Angeles,90019,1649000,8,6,3968,7309,1916,26,416,0
12314 Washington Pl,Culver City,90066,1799000,8,4,3488,6130,1950,39,516,0
12320 Washington Pl,Culver City,90066,1799000,8,4,3550,6346,1950,39,507,0
1250 S Windsor Blvd,Los Angeles,90019,2490000,8,9,4005,10302,1911,87,622,0
1502 Maple St,Santa Monica,90405,3200000,8,10,4903,12557,1939,89,653,0
1604 S Bronson Ave,Los Angeles,90019,1160000,8,4,3810,6174,1947,42,304,0
1725 S Orange Dr,Los Angeles,90019,1299000,8,4,3575,5599,1925,11,363,0
18007 Jersey Ave,Artesia,90701,1600000,8,4,3624,9725,1964,19,442,0
1919 Grant Ave,Redondo Beach,90278,1900000,8,4,3398,7492,1924,129,559,0
2007 21st St,Santa Monica,90404,2299000,8,4,4631,7253,1947,4,496,0
237 W Howard St,Pasadena,91103,1950000,8,1,1,8747,1963,24,1950000,0
2404 S Carolina St,San Pedro,90731,1200000,8,4,3672,6092,1957,2,327,0
315 S Commonwealth Ave,Los Angeles,90020,1800000,8,5,4936,7824,1936,3,365,0
3247--3243 Isabel Ave,Rosemead,91770,1800000,8,6,2948,8283,1927,192,611,0
330 N Curson Ave,Los Angeles,90036,2479000,8,4,5823,6498,1931,70,426,0
346 N Maple Dr,Beverly Hills,90210,4750000,8,8,5330,7965,1947,1,891,0
3724 Kelton Ave,Los Angeles,90034,1599000,8,7,4060,4993,1966,39,394,0
401 N Ogden Dr,Los Angeles,90036,3400000,8,8,6930,6986,1928,41,491,0
4354 W 138th St,Hawthorne,90250,1599999,8,6.5,4696,8708,1991,20,341,0
451 S Bonnie Brae St,Los Angeles,90057,1800000,8,6,4291,7458,1920,3,419,0
4636-4638 Lomita St,Los Angeles,90019,1995000,8,9,2950,4668,2020,22,676,0
5406 Blackwelder St Unit 1-4,Los Angeles,90016,1490000,8,5,3224,4802,1965,6,462,0
620 W 41st Pl,Los Angeles,90037,1490000,8,4,3872,6750,1924,1,385,0
706 Copeland Ct,Santa Monica,90405,1850000,8,4,2801,5841,1947,70,660,0
7807 Hellman Ave,Rosemead,91770,1280000,8,4,3420,6449,1959,524,374,0
8006 Blackburn Ave,Los Angeles,90048,3400000,8,10,6016,6250,1956,80,565,0
823 S Curson Ave,Los Angeles,90036,3500000,8,7,6421,11000,1929,82,545,0
863 W Vernon Ave,Los Angeles,90037,1000000,8,4,3267,6250,1948,1,306,0
9940 Robbins Dr,Beverly Hills,90212,4400000,8,8,5969,7001,1936,39,737,0
11304 Tiara St,North Hollywood,91601,1500000,9,5,4117,7001,1964,3,364,0
1430 S Sycamore Ave,Los Angeles,90019,2290000,9,9,6288,6851,1958,82,364,0
1539 Ricardo St,Los Angeles,90033,1699000,9,6,3622,7498,1939,46,469,0
1645 S La Brea Ave,Los Angeles,90019,2000000,9,8,5176,6301,1951,91,386,0
16517 S Denver Ave,Gardena,90248,1169000,9,0,2628,6160,1965,49,445,0
2018 E 3rd St,Los Angeles,90033,1580000,9,2,5574,6303,1904,3,283,0
2538 S Alma St,San Pedro,90731,1599000,9,4,4052,4501,1963,4,395,0
3647 Ocean View Ave,Los Angeles,90066,2750000,9,4,5000,12165,1918,60,550,0
3753 Veteran Ave,Los Angeles,90034,2250000,9,8,4348,4662,1965,26,517,0
5441 Blackwelder St,Los Angeles,90016,1670000,9,8,6000,4800,1944,104,278,0
5675 Packard St,Los Angeles,90019,2950000,9,6,5794,7298,1938,28,509,0
5869 Dauphin Ave,Los Angeles,90034,1700000,9,6,3244,4002,1965,105,524,0
8852 Greenwood Ave,San Gabriel,91775,1980000,9,5,3245,19194,1963,49,610,0
10876 Palms Blvd,Los Angeles,90034,3650000,10,11,6694,7044,1966,14,545,0
1119 Rexford Dr,Los Angeles,90035,3100000,10,9,6148,6070,1958,105,504,0
1344 E Broadway,Glendale,91205,2799000,10,10,4236,8049,1982,111,661,0
1605 S Atlantic Blvd,Alhambra,91803,3995000,10,8,6131,22847,1947,615,652,0
1609 S Atlantic Blvd,Alhambra,91803,3695000,10,0,6131,22847,1947,99,603,0
1780 Lombardy Rd,San Marino,91108,15000000,10,9,12808,44039,1928,305,1171,0
2012 Brighton St Unit C,San Gabriel,91776,1980000,10,9,4936,15889,1988,292,401,0
304 S Chapel Ave,Alhambra,91801,2750000,10,0,5400,19792,1954,19,509,0
4804 S VAN NESS,Los Angeles,90062,975000,10,12,4159,5204,1914,1,234,0
525 N Hayworth Ave,Los Angeles,90048,3150000,10,9,6166,6611,1966,2,511,0
628 W Glenoaks Blvd,Glendale,91202,2245000,10,1,3890,10827,1946,98,577,0
649 Ocean Park Blvd,Santa Monica,90405,3295000,10,7,5262,8081,1957,48,626,0
989 N Summit Ave,Pasadena,91103,1699888,10,6,3494,12007,1916,4,487,0
3723 Artesia Blvd,Torrance,90504,1950000,11,8,4963,6255,1958,11,393,0
8615 Walker St,Cypress,90630,2200000,11,3.5,4100,14450,1960,49,537,0
9720 Artesia Blvd,Bellflower,90706,1850000,11,5,4602,11596,1946,173,402,0
"1017 S Bedford St Unit 1,2,3,4",Los Angeles,90035,3200000,12,8,6104,5721,1965,18,524,0
113 S Cedar St,Glendale,91205,2199000,12,12,4770,7131,1984,8,461,0
1154 S Plymouth Blvd,Los Angeles,90019,2200000,12,4,5018,7632,1946,40,438,0
1400 W 218th St,Torrance,90501,4500000,12,3,5402,18008,1928,18,833,0
1447 E WINDSOR Rd,Glendale,91205,3195500,12,12,4992,9274,1982,27,640,0
1647 W 206th St,Torrance,90501,1625000,12,9,4488,7004,1978,120,362,0
19435 Cohasset St,Reseda,91335,2195000,12,8,5000,26067,1950,3,439,0
22214 Avenue San Luis,Woodland Hills,91364,2775000,12,6,6400,14530,1981,1,434,0
228 N Jackson St,Glendale,91206,2100000,12,4,7040,7479,1969,7,298,0
241 S Curtis Ave,Alhambra,91801,2450000,12,12,5789,7550,1979,18,423,0
2648 23rd St,Santa Monica,90405,4000000,12,8,6294,9283,1949,28,636,0
2820 W Slauson Ave,Los Angeles,90043,1100000,12,8,3326,2768,1960,1,331,0
5335 W Homeside Ave,Los Angeles,90016,2999000,12,11.5,4481,4800,2022,3,669,0
5524 W 6th St,Los Angeles,90036,2450000,12,12,7115,7802,1936,12,344,0
714 E Elk Ave,Glendale,91205,1450000,12,11,6951,6782,1994,20,209,0
0,Los Angeles,90016,2395000,12,8,5190,6375,0,18,461,0
0,Los Angeles,90003,2400000,12,12,6480,13471,1924,2,370,0
1449 S Point View St,Los Angeles,90035,3100000,13,9,7566,8503,1965,39,410,0
1937 17th St,Santa Monica,90403,2788000,13,6,4840,7746,1948,76,576,0
6142 Afton Pl,Los Angeles,90028,4680000,13,7,7526,7000,1963,3,622,0
11969 Iowa Ave,Los Angeles,90025,3799000,14,11,6962,7444,1962,3,546,0
1833 16th St,Santa Monica,90404,2995000,14,8,5375,7524,1959,13,557,0
1927 Artesia Blvd,Redondo Beach,90278,3875000,14,8,5881,6474,1962,197,659,0
2910 Acresite St,Los Angeles,90039,2250000,14,10,4898,10079,1965,150,459,0
2472 N Eastern Ave,El Sereno,90032,1800000,15,7,6570,20069,1949,1,274,0
3824 Keystone Ave,Culver City,90232,3995000,15,9,6441,6668,1960,34,620,0
733 Hill St,Santa Monica,90405,3199000,15,10,4526,5973,1987,40,707,0
13707 Yukon Ave,Hawthorne,90250,3950000,16,15,10692,13024,1985,6,369,0
22601 S Harvard St,Torrance,90501,3150000,16,5,4754,6257,2021,2,663,0
2620 11th St,Santa Monica,90405,7200000,16,16,8084,17072,1947,42,891,0
3991 Denker Ave,Los Angeles,90062,2750000,16,8,6264,9445,1931,1,439,0
4553 Saturn St,Los Angeles,90019,3800000,16,3.5,5440,7000,2021,3,699,0
6521 Orange St,Los Angeles,90048,2550000,16,4,3738,6250,1926,11,682,0
837 N Kingsley Dr,Los Angeles,90029,3800000,16,4,6848,7147,2021,3,555,0
421 Porter St,Glendale,91205,4995000,17,20.5,9157,7457,1987,82,545,0
751 S Normandie Ave,Los Angeles,90005,9250000,17,48,34291,10659,1928,3,270,0
11520 186th St,Artesia,90701,4975000,18,3,10240,22651,1973,6,486,0
1539 Woodruff Ave,Los Angeles,90024,7250000,18,18,14979,7509,1968,13,484,0
2919 Partridge Ave,Los Angeles,90039,1399000,18,0,3312,11167,1907,122,422,0
1362 S Longwood Ave,Los Angeles,90019,3185000,20,16,10026,11325,1953,26,318,0
3315 Andrita St,Los Angeles,90065,3599995,20,14,8352,9601,1965,255,431,0
4419 W 162nd St,Lawndale,90260,5500000,20,1.5,10430,9611,1991,137,527,0
934 S Concourse Ave,East Los Angeles,90022,875000,20,4,2,5056,1953,1,437500,0
3960 Inglewood Blvd,Los Angeles,90066,4850000,21,20,8899,6928,1962,12,545,0
1650 S Bentley Ave,Los Angeles,90025,5950000,22,16,13293,8230,1982,26,448,0
11500-11506 186th St,Artesia,90701,9100000,30,5,17638,22215,2014,27,516,0
15731 Ryon Ave,Bellflower,90706,7700000,32,32,15280,43000,2016,144,504,0
3001 Petite Ct,Los Angeles,90039,4500000,32,16,12700,19447,1960,236,354,0
6517 Orange St,Los Angeles,90048,2550000,32,8,4232,6250,1926,11,603,0
9500 W Olympic Blvd,Beverly Hills,90212,21500000,34,36,0,29007,0,102,0,0
11265 Palms Blvd,Los Angeles,90066,10700000,40,24,25688,40820,1947,73,417,0
11301 Athens Way,Los Angeles,90061,699000,47,3,15691,6050,2022,4,45,0
11562 186th St,Artesia,90701,10975000,47,3,23557,46609,1973,6,466,0
1130 Marine Ave,Gardena,90247,12000000,55,2,27044,42029,1960,154,444,0
